// Code generated by cmd/generate-lucide; DO NOT EDIT.

package icons

// Table is the Lucide "table" icon.
var Table = newIcon("table", []byte("\x1f\x8b\b\x00\x00\x00\x00\x00\x00\xff\xec\x94\u036d\x830\x10\x84\xed\x028>\xaa\xe2\x91\xea\x90{\xf0\x8f\x045@\x15\xce\xc9\x12}|\x91\xe2`\xa2\b,\xe7d\x0e\x99\x13#>\xed\xae\xc6\xda\x155%o\xca\xd8M\xa3\xf7c2F\xf52a\xedBFK\xbbU\xcbb0\xbf*\xf6@p\xa9\xd5\nk2.\x00]\xe4\x14\x84f\x1f\u0582\xdd]\x13`\x88\x9f\x06\x9c8\xe3\x84\x03}\xf8\xe3\xd4\xd6\xe2\xa6\xf7 >ry\xda)r\xf7|\xcc\xe0\xbf\xe3J\xfb^=\xbf\xdf{\\+\xbf\u04bd,\xdd\xf3\u04bbQz\x87D;g\xb1\xbf4\x84\xfc\x1f\xf4\xf1\x9d\xd4C'EM=\x02\x00\x00\xff\xff\xe4\x9fvR@\x06\x00\x00"))

// Table2 is the Lucide "table-2" icon.
var Table2 = newIcon("table-2", []byte("\x1f\x8b\b\x00\x00\x00\x00\x00\x00\xff\xec\x94\xcd\u03430\f\x86\x93\x018~\x99\x8a\x8fN\x17e\x87\xfcL\x01\x8bDb\x8f\xa7*P\xaa\xa6i\xe4^(\x87\xbe'+~d;\x96\xfc\xaaoJ_\\\x88U\x057\xe8\x1d3\x13\rM\xe6^\xad\x89\xc1\xb8U\x1c\x80\x9cn]f\x98\x9f\xfb\xa6\f\xf4+\xe7 wK\x14!\x16\xa3w\x19\xec\x1a\x06H\xea\x1d\xa7\x12\xf82[\xe3j\xd9\u00f9m\x1b\xaf{Y\xde\x1e\\[\x9fs\u04beg\xdf\u07cf;\x11'\xbdK\xe9\x9dK}C\xeaC\u028cM\xeco\x1fB\xff[_\xf7Io{]\xfe\xecP]\x03\x00\x00\xff\xff\x1b\x02\x8er@\x06\x00\x00"))

// TableCellsMerge is the Lucide "table-cells-merge" icon.
var TableCellsMerge = newIcon("table-cells-merge", []byte("\x1f\x8b\b\x00\x00\x00\x00\x00\x00\xff\u0514A\u0383 \x10\x85\xe1\x00.\x7fO\xe5oOg\xbc\x83B\xc2\x1d\xf4\x14\xecH\xbc\xc7\u05e4T\xb4D\b]4\xb4o\xe5\x8b_\x98q|\x8c\xa8)y\x1bg\xb5\xcbXk\x82\x99\xc7^\x06\xac]\xc9hm\xf7\u04f2\x18,\xcf\x13{\xc0\xe9Pj\x83-\x18\xed\x80\xces#\xb8\xe6hV\x81:\\\xe3`\xf0\x8f3h\x91\u2106\xe9\xf2E\xd2\xd6\xe2\xccy\x10\xd1\\\x1e\xd6x\xce\xe6\xc7\f\xf6=.\xaa\xfb\x92\x83s\u0768\xf1H\xc9\xef\xfdY\xaet.\x1f\xfe\x1f\xc9\x1c|{\x9eK\xefe\xe9=/\xdd\x1b\xa5{H\xb4K\x16\xfb\vM\xc8\xffa\xba\xce\xc14tR\xd4\xd4=\x00\x00\xff\xff\xa7.\xd6S@\x06\x00\x00"))

// TableCellsSplit is the Lucide "table-cells-split" icon.
var TableCellsSplit = newIcon("table-cells-split", []byte("\x1f\x8b\b\x00\x00\x00\x00\x00\x00\xff\u0714M\x0e\x820\x10F\xe9\x01X\u02a9\x10OG\xb8\x03m\x93\xde\x01N\xd1]\x93\xde\u3e68\"\xd1NS\x17\x8a\xf1[u\xc2\xcb\xfc13\u0351R\x97I\x9b\xac\xf44\xa8\r\xebV\nZ\xbb\xbb\xb7\"\x06\xcb\xcd\xe3\x00\x04\x9b\x8fk\x03\xd0'n\x82\xd0J\xa9\xb7\x01\xc6\xf4\xd4`\xe5\x1a-\xcc\xe9e\xc0\xc8\xdc\xe3\xebQ\x9c\x83\xb8k\x85\xf3\xde\xed\xcc\b.q\xbe\xdcf\xf0\xefqOq\xe3\x8b\xe9\xb2u\x88\xe6\xbfp\xb5}\xf9\xf0\xff\x10\xe7\xe0\xd7\xe7\xb9v/k\xf7\xbc\xf6n\xd4\u07a1\xa6[\x8a\xd8iKB\x9d\xc79\x1fw\x1e{%\xd7\xf8\x05]\x03\x00\x00\xff\xff\xf69\x05u@\x06\x00\x00"))

// TableColumnsSplit is the Lucide "table-columns-split" icon.
var TableColumnsSplit = newIcon("table-columns-split", []byte("\x1f\x8b\b\x00\x00\x00\x00\x00\x00\xff\u0514\xb1J\xc4@\x10@'\x9d\x16\xb6v\xea\a\xf8\x05\x11\xac\xac\xef\x84\xe3>Ak{m\xd5?\x90\xfb\x03\x85\xdc\x1c(v\x826Z\xd8\xe8\ah\x15\xb0\x17l\xac\xf4\xc9f\x935\x89\xbbq\u04408\xcd\x1d\x93\xc7\x0e3\x8f\x19\xf9U\xac\f\xe7c\xb0\xa5\x17.\xbe$\xb73U\xbd\u03efT\xf5\xe4p\xb5H\x8d\xe0\xbd\xf8\x93lN\xa6\xaa\u0656\x88\xacQ\x8f\xb7\x03\xf3y\f\x98\xdf\u015b2\x9d\x8a\xa44c\xe7\x93K*\xccpE\xdd[@U\xcf_\xe1y\xce\xd5\x1d\x02\xf9\xac\xac+\xf5B\x1b\xc0\xba\xebc\x02\xf9B\xa3\x97\x8aK\x80\x91\x88,\x0f\xcc\\\xa60\x13/'\xc0\xd8e\x15\xb4\x1f\xce\xfa\xf8\x96+\xfbhr\xb5\xb9\xa8Z\xae\x9c\xcb\x19<\x99\xa4\xc7\a\xb0\xe7\x9e\x7f\x84\xb0\x8f\x10\x17[7\xba\x0f\xdf\\\xac\x8f\xfe\xe6\xfc\xb7>N;}\xec\xba\xe7\x1f:}\x04\xb8\u063a\xff\xcaG\xb5\x97\xd6Gx/\xbb\xf6<\xf2n\xb4}\x84\xeeP\xdau\u05ee[>\xf4.\xbfT\xd5\xe3\xfd\xf6\x9d\x1c\x1ceu\x1f\xad\xf0\xde]_X\x1f?\x89\x8f\x00\x00\x00\xff\xffr\xf1\x8f\xd0@\x06\x00\x00"))

// TableOfContents is the Lucide "table-of-contents" icon.
var TableOfContents = newIcon("table-of-contents", []byte("\x1f\x8b\b\x00\x00\x00\x00\x00\x00\xffb\x18\x81\xc02\x04\x1b\b\x92\x85\xcaZA\x95\xa5\xfd\xc7\x0e>\xc9Ae3!\xea\x16\xe1P\xf7\xdf\x17*\xbb\x14\xa2\xce\xf41VU\xffvqBd\x9f\x9a\x0f@X\fC\xc0\u07ff\x06\x1bX\x95\x02\x95\x9d(\x00Q\u05c7+\xde,\xa1\xb2\x93HS\xc7\u07c7\xd7\u07be\t\xfc\x03\x11\x1a\xc3\x0f\x98>\xc1\x9e\x8fvC\xf2\u0453g\xd0|Dl\xbe\u0115\xcf?\xa2\xe5s\x06\v\xbc\u5185\xe5\x00\x84\u0140\x03@\x00\x00\x00\xff\xff&\xb6\"!@\x06\x00\x00"))

// TableProperties is the Lucide "table-properties" icon.
var TableProperties = newIcon("table-properties", []byte("\x1f\x8b\b\x00\x00\x00\x00\x00\x00\xff\xec\x94\xcd\u02440\x10\x86M\x01\x1e?\xab\xf2s\xab\x13{\xc8\x0fh\rZE\xf6\x14\xb0\x8fg\u0478\x01C\b\u064b\xeba\xdfK\x86\xf0\x90\x99y\xc3L\xf5M\x89\u01e0\xf4I\xa3\xb5\xe3v\xaa\xa1\x13\x01k\x162Z\x9a\xf7kY\f\xe6\xe3\xc5\x0ep\xe6\x9cw\x85u;\x8d\x03Z\xcf\r\xe0\xea\xa8b\rz\x0fj\a\xbd\xbfS`\xe2\xce\x02W\x19\x90\xf1]\x8aKE\xd7r\xd3\xe1A\u0297=\x9a<\xf7\xcc\xdb\f\xf63\xae4\xef\xdd\xfd\xfb\xfd\u01fd\xfc+\x9d\xcb\xd29/\xdd\x1b\xa5{\xa8j\xe6,\xf6\x17\xaa\x11\xff\xbdL\xefI\u0677\"\xee\xf1R\xbd\x02\x00\x00\xff\xff*\x8d\u00d0@\x06\x00\x00"))

// TableRowsSplit is the Lucide "table-rows-split" icon.
var TableRowsSplit = newIcon("table-rows-split", []byte("\x1f\x8b\b\x00\x00\x00\x00\x00\x00\xff\xbc\x941N\xfb0\x14\x87\x931C\xc7\xff\x7f+\x1c\x00.\x00K\x87\xaem\x876G\xa0\xec0\x92\x95r\x83\x88\x1b\x80\x14\x1c\xa9U\u01eaS\x91\u06a5\x17\xc8f\xa9\ah\xa7N\xe4C\xa9#+\b\xc56\x12\xe1\xb7\xf8\x93\xfdI\xce\xcb{\xb2\xf7\x83\\_9\xd1-\x8c](\x81\u0105\x04\x88\u07e47H\xebOS}\xef3\xc8V\x9d\u05d2\x10\xab\xbd\x01 S!\x84\xd8\xc1N\x88*\xa5\x12\xe8)\xcf\x7f\u01d8\x95_\xfe\xc0\xff+\xa3\xf6O7\xc4\xef\xc7Iq\xcb,\xcbf\xea\xdei\x96M\x8b5\x89{\xbe\xb1\x97\x8d'X\xe4\x90/\x02\x1b\rTU}\x1b\x9d\x1f\n8\x9c\xd9\xc8k\x0f\xc3p\xd8\xf6\xac\xd4H\u045dQX$\x8a\xc22\xd1\xc3i\x19u\x82\x8av\xbf\xafo\xef\xfeNk\x13\xf3\xbcLJ\xed27{\x1f\x17\xca{\x82c\xf74\x15\xdf\xe7\xd9\xef\x1e\xe1Q\xed\xbd\xc2\xfc\xebi\x95\xe6\xf0R\x7f\xfa\x17\xb44\x97\vK\xe5I\x9b'\x95\xb7\xb5y[\xfd\x05k\xd5\u0535\xa6\rl\xf4^C\xf5\xba\xbe\x93c\xb8q!\xd7w\xdc)\x9f\x01\x00\x00\xff\xff\x90+\xff\xf0@\x06\x00\x00"))

// Tablet is the Lucide "tablet" icon.
var Tablet = newIcon("tablet", []byte("\x1f\x8b\b\x00\x00\x00\x00\x00\x00\xff\xec\xd4?\n\x830\x14\xc7q\xe7,\xd1I\xc4\x1b9gl\x8fRz\x03\xfb\xe7\x0e\xe2YjA\xd7\xe2QZ\xf0[:\xc5\xc0{\x10\xa9c~[\xe03\xe4-\xdfl\xe3\xaa\xc6\tk\xaaP\x15\xfd\x82\xb8\xa5\xcfW\xccL\xb2\xfam2\u079du\x06'\xeffx\xd4\u04af\xeb\x01^\xfe\xf9\x81\x83|\xde\x11\xde\xfe\x058\xd99 \xb9\xe4\x92\xdb\xec\xec\xe5\x96\u01f8\x16\xee{:\xdb^\xed\x9fw\xc4vc\x86A\xee\xd03\xe8Pl\xd7\u0328\xb3q\xd5\u026c\xe8\xb4\xeev6\xfcI)w\xbc\x94\xcf\xd3\xf7\r\x00\x00\xff\xff\x90\xf0[\x0f@\x06\x00\x00"))

// TabletSmartphone is the Lucide "tablet-smartphone" icon.
var TabletSmartphone = newIcon("tablet-smartphone", []byte("\x1f\x8b\b\x00\x00\x00\x00\x00\x00\xff\xec\xd4=N\xc30\x14\a\xf0\x97\xc9\xcd!\xe0\x02PeA\xa2E\xaa:tD\xa4R\xeb+t\xe6c\xe1\x02\x14\xf5\x1a0\xc0\xd2-\x1b\xe2\x18\xe4\f\x8c\x89\x18\xf0D\xfe(\x8a\xe4\xd8\xf1sp\u0610x\xdbS~\xb2_\x9e\xedGC#J\x96\u048d\xf5<\xb6\xd94\a\x1f\xe5\xb5\u0154\x87\x01\xd8\x1a\x9b\xfaV\xab\xe3\xebH\xbb\x04\xc0NpU/\x14p\xa7\xd3\x14\xa88FD\x19\U000244c3\x0f\xbcx\xfa\xb0\a\xf6mvx\x11\a9\x7f\xfc\xca\xc5\xf3\xb5>\x82e\x12\xf9\xdcMi5,\x9f\xf0n\xdb\xed\xac\x9ap\xee\xb8r\x8e\xe0-b\xdc=\xa0\x16\xed\a\xb1\x030f\xdc3\x90\x99\x95\v\x00)\xe3\x9c\x0e\x01\x90\xff\xee\xef\xb8\xcd\xe3I\x88;\x03\xdeC\xdc4\xd0\xd1\xe6!h\u07df\xfe\xa3\xff\x9e\xb6s\xa3\xef\u079bs\xc8\xf3\x8enUw\xae\xb9\xef\xf2\x94\x88>\xdd9yU\u062b\u054c^\x9b\xa4\xb84J\x1f\xcdVzn\xa4\xe3\xa6Vq.\xa5\\\xcdF4(\xbe\x03\x00\x00\xff\xff!K\xd7\xd1@\x06\x00\x00"))

// Tablets is the Lucide "tablets" icon.
var Tablets = newIcon("tablets", []byte("\x1f\x8b\b\x00\x00\x00\x00\x00\x00\xff\x94\xd3OHTQ\x14\xc7\xf13\xf3\xcc\xc0\xfe\x18\x8a\t\xe1@\v\x9bZ\xb9L\xa5?\x83\x15.\\\xc8d-\x03q#\x8f\x180Z\x99\x85A\x7f \"\xa2\x9d$\xe2B$\x8a l\x15aHX\x94Pf\x11\x85\xa2a\xd1&\x95Z\x94\x7f\x9a\x85\xef\x1bwz\u037d\xe2y\x0e\xfdV\xef\\>\xef\xf0\xee\xbd\xe7\xc9\xff\xa6\xa2\xe1D\u04feBh\xb3\xff\x16\x93\xb9\x9b\x89\x8dX\xdd$\xff\xb2\xd8\x11\xcdZ~\xe3\xe4},\x82\xd5g\x81W\xadUE\xa5G\x06\f\xec\xd5Y\xf1\f\x04\x9d\x7f\x9b\\\xceu\u072f\xba\xd3@\xa78\x8c\xa7\xaa{\a\xe3\xb6\u06ef^ \xa9\xb0\x9d@\xabe\aK\xb3\xe0+\xae\x01\xd8e\x99\xc8K\xe8Q\\\x1a\xf0\x1c&\x0f\xe1\x8e\u2680m\x0e\x93a\xe8W\\\x128\xea\xb0\xd8\x0f\xb8\xa0\xb8\xd8\x02\fZ&-@J;\x97[\x10X\xb6u\x1af\u055bK,aY\xc9c\xa0]c\"gs\x97Z.\"^z\x1a\x18\x8d\x1a\x84\x0f\x06f_\x0f=\xf9n\x1ef*\u031a\x97\xba8p\xffvf\u03da\xad\xf4\x05v\xac\x9e\x1b\xe6e\xbe\x84\xe5H\xbd+kG\xc2\xe5Y?.\"\x95/\xec{\xc1\xb55\x9fQ\xed\xf7\xdc\xeb\xef>l\x94T~2`axh\xccL\xa6z\xea&\xf1g\xc0T\xb3\xb9\u0332\xaee\xe0\x8c\xee|\xe0QIX\xd4|\x83\xc5*\x8dy_ajK\xbe<\xb4\n74g\x06\xad\u0669\xef\u00bc\xe6\xba\xe1\xe7I'\x97\x80j\u014d\xb1>\xa7\x14\xf7YqW\x14\xf7@q\x8d\x8a\xcb@v\xbbS\xb7\x01e\x8a\xdb\v\x9c\xb3e|\x02&\xb4\xfd\xca(,\xd7\xe4\xab.\xf4\xffT\xa4.\x80\xf9\x03a\xb7\xf3\xc0\xe4&\xd5\xc9U`u\xf0\u060e\xa2\xddm\xe3\xc0J\xad\xce$\xd6\xe7\xeeu%\x1d\xc1D\xa4c)\xcf>Fu\xcb%q}.7\xa4o\u068b7b&\xc9\xc6\xe3\xa9\xf2Bh]\xfe\x04\x00\x00\xff\xff\xc1\xd0\xea!@\x06\x00\x00"))

// Tag is the Lucide "tag" icon.
var Tag = newIcon("tag", []byte("\x1f\x8b\b\x00\x00\x00\x00\x00\x00\xff\x94\u053fj\xc2P\x14\x06\xf0\x93I\u0521\xbe\x82}\x81\xcc\x05\xd1\xdd%\x83\x0e\xad{\xfb u\xb0\x8b/%\x01\x8b\xa5n\xdd}\x01'\xc1\x8a\xb4|%76&\xf7~\xe7\\\xfc\xa6\x9b\xf0\xcb\xf9\x03\xe1\xca\rI\xd2lz\xcdd\xd4\xe2\xec\xe1\v\xcd\xec\x9f)\xfbF\x90\x05i\xeaWs\x99\a.\x05\xf0V\x9f(\x19\x1f\x18\xcc\x00x\x83\x0f\x18\x9c\x02\xf0\xbfe\x909\x06\xa9#\xb0r\xf7\xf99\xef\xeb\xb0r\xf9\xcf\xe7o\xaeW\xac\xdcy\x83\xcdIo\xad\xd5\xf3\xe1u\xbe\xd5i\xd5\u05d7\xe1\xfb\x86\xd0ruh\xba\x12\xbe\x16\xa7\t\x80$\x02\x1fEd\x04`\xac;\aw\x89Hk\x0f\x1c\x06\x06\x9c\x01HE\xe4\x056\xec\x02\u020a\xc3\u0086\u014f<\x94(\xecm\x81cGb\xb0\xf7\x01`\xf9\xff\xa4B\xc7\xd6m\x89@\xc7\xde\xefjo(\f\x19\x85\x8c\x11\xc8Y\x005\xe6A\x9d5\xa0\xc5j\xd0f\x178\xeb\xa6[\x9b\x95\xb0\x8c\xc9D\xe6\x17\xb6\xb6\x99\xc8\xd3\x0e\xc0q\u064e0w\xad\x0f;Q\xa5\xe4/\x00\x00\xff\xff\x9f!iW@\x06\x00\x00"))

// TagPlus is the Lucide "tag-plus" icon.
var TagPlus = newIcon("tag-plus", []byte("\x1f\x8b\b\x00\x00\x00\x00\x00\x00\xff\x94\u053dJ\xc3P\x14\a\xf0\x13\x1dBT\xb0\xbb\xb4P\xbb\xe9\x90Y(vo)\x85\xf6.\xba\xeb+\xe8(t\xa8\x83>Q;\x95\xf8AE7w_\xa0`)\xa4\xa5h\xff\xd24\x90\xe4\xe6\xdc\xdc\xe3\x7f*\xb7\xbf\x9c\x8fp\t\xfd#\x8e\xdfQIz\r\x97gg\x9f\xc8fz\u0172\x05r\x190M\xf5jQ\xfa9\xe7\x03\xb8OO\xe44\xe7\x1c\xec\x00\xd0\x06\xafsP\x01\u041f\xe5 \xe78\u023a-\xbcc\xddq\xb0\n\xaaYx\u0139\xe0\xe7\xfd7\xc8T\xfc>\xe0\xdcj\x82\xc92\xf5\xc7\xc9\xed)\xdbW\xab\xa7'\x99o\xbc\x1cW\x05\x8e\xcbM8r%n\x01\xb4$\x0e\x80\x8a\x7f\xf6\x008\x02\xd7\x00\xd0\x148w\n\xcc\xeb\xcc\n\xc9\xf5]\x0f=\"\xba\x06\v\xc3\xf4\xb5moN\x06,\x1c\xa5\u062cBF\u8d94\u06bc\x8b\a\xa5\xba\xe5\xf8\x8c\xaf\x98\u0763\x10\xea\xce\x04\xd7@\x97\x04p\x88Y\x99\x04\xd0kWr=\x8c\xcbX\xe0nmG\x02K\xcf\b\x04\xb0\xf4\x06\xa0fm\x1d\xb1'S\xbd\x18^\xee\xfb\x1f\x00^\x0f-\xcblS\u0208\xfa1{)fD\x17_\x00\xc2G\xcf\u00a2\xcf\xfa\xf9\x9eU\x19\xf2\x17\x00\x00\xff\xff\xf8[C\xe8@\x06\x00\x00"))

// TagX is the Lucide "tag-x" icon.
var TagX = newIcon("tag-x", []byte("\x1f\x8b\b\x00\x00\x00\x00\x00\x00\xff\x9c\u0531O\xc2@\x14\x06\xf0\a\fD\x85\xc0\u0384\xdd\u06a1\xb3\t\x91\x95\xb00\x94Ew\x1d\x99;J:\xe0\xe2?EZ$5\xba\xb9\xbb\xe8F\"!QBl>sWH\xdb\xe3][\xfd\x16\xae\xaf?\u07bd\xe3\x12\xe8\x0f\xa9\u0623q\x12\xa7_\xe7\xd9\xc5+\xb2Y\u0770\xec\x1bG\x991\x9b\xaa\xddd\xbc#g\x03\xb8OOT\x19n88\x02\xa0\f\xde\xe3\xe0\x18\x80\xfa]\x0er\x8e\x83\xac\x8b\xe1\x1d\xeb\xce\xfd\x9d\xdf\xcd\xc2\x0e\xe7\xfc\x9f\xe7\xc8\xcft\xfclpn\x17\"\u0726^\x98\xae\xc5\xee\xab\xf4S\x93\xcc7\xdf\u03bb%\x9c\x9a\xaaQ\x8b\x17\x9df\x9e\xab\x06\bZb1\xc5\xda\xcaq\x06\x80e\x8b\xc8\x03\xe0\x12\x91\x03\xa0\u00b8\xdaBB\xc16&\x11\xf5\x01\f\xb9\x86\xed'\x00\xef\x82\xf5\xc4c}uX\xb10yy\v-\xfc\x00\x10\r\x0e\x8f3\x1d\xf4d\xbfe\xab\x00\n\x16\x15\u00e9(\x0e\u010ca#\av\xe2\x92<\u0304\xf4\xb0\xb9\x8e\v\x02:\x94\x03-\u05d4\x9f\x8d\x89\x93.kO\xad\u6ff0fT\xcb\xc0\xf6\x02~\t(\x7f\x0f\xa3pk\xc9\x02]\xbf=\xbc>\xb3_2\xf7\xa5\x81P\ue7cd\xb7g\x8f\xf9\x8c\xe8\xea\r\xc0\xd7\xc3I\x01\x93\x7f\ub5e7\x85J\x93\xdf\x00\x00\x00\xff\xffbq\xa4R@\x06\x00\x00"))

// Tags is the Lucide "tags" icon.
var Tags = newIcon("tags", []byte("\x1f\x8b\b\x00\x00\x00\x00\x00\x00\xff\xa4\u053fK\x02a\x1c\xc7\xf1\xaf$\x11)\u4493\xe2\xd4T\xb4D[\x11H\x935\xa5I\u045f\x10\x88\r\xb6\xb4\b\x0e\x8d\x11\xd1X\x83C-\x8e\x8d\xe1\u0494\x82\xa3s9:\x04\u05a1&\xca'\xee:\xef\xb9\xfb\xde\xf7\xf1\x82\xde\xd3\x1d\xbcx\x9e\xe7\xcb\xfd\xa0i!\xfaS\xc5\xcf^9\u7509k\xd8:\xbcM\xee\"\xa2\u02c2\u05c8In\xf9\xc3\a\x9b\"\xac\x015u\x97j\xea\xa0\xd7QL\a\x99\xd3B\u06c5\v\x0f\x85\xf0,h\xbb[\x007\xe2\x8a\v\xcf\xfds\xe5\x8cv\xafm\x88[\xef\x01\x03\xe5:\u0757\xee\x9bx\xc6\x1c\x00\xe5\xf2#\x8c\x0e\xc5a\xbc\x8e\x92\xfbIyj\xe6X\x16|]T\xee\x11x\x12\xdc/\xbcR\xae\f|o\x8b\xb0\x05\f\xa3\x8e[\x19\x03_[\x12\\\x05\x90v\x1c]@\x03\xe7\x00d\x95\xa3K\r<\x02\xb0\xe1r\x1a\xb8c\x00\x9d\x90\u06c9\xd0d8&\xa2\f\x80\x94\x16Z\xacb^\xc5'\xae\x87\u0361bD\xf7\xd0B7\xa3hC\a=\x8c\xbfg\n2&A#M\x94\xe6L\x82\xe3z}\xecc\x1cV\xa6\x9f:g\x1c\x9e\rM5(\xfa\x18\x87\x89R\xb5ZJ\bl\xc6\x1f\xe0\x7f\xb0\xb56\x9fo\u05a2\xc1\xd0\xea4`\u0146\xed2\x01[G\xae\xfb\x00\xdeO\x82\x0f\xb9\xb4{\xb0\x19\x0ef\xda~\x02\x00\x00\xff\xff\x06H\n\xca@\x06\x00\x00"))

// Tally1 is the Lucide "tally-1" icon.
var Tally1 = newIcon("tally-1", []byte("\x1f\x8b\b\x00\x00\x00\x00\x00\x00\xffb\x18N\xa0\xfc\xdb\x1evb\xd4}\xff\xff\u07db\x18u\xff\xff\xff\x0f\x19U7\xaanT\u0768:\x06\x12\u028d\U000afec9*\x87\x86\x01\x00\x04\x00\x00\xff\xff\x14\n\x92\x88@\x06\x00\x00"))

// Tally2 is the Lucide "tally-2" icon.
var Tally2 = newIcon("tally-2", []byte("\x1f\x8b\b\x00\x00\x00\x00\x00\x00\xffb\x18N\xa0\xfc\xdb\x1ev\x10m\xfc\xf8\xb11>u\xdf\xff\xff\xf7\x06\u044b\xff\xff_\x8cO\xdd\xff\xff\xffC@\xf4\x9a\xff\xff\u05cc\xaa\x1bU7\xaand\xab#\xb6\xdc(\xff\xba\x1bV\x0e\x19\xe1S7\f\x00 \x00\x00\xff\xff\x00\xb0\xbc;@\x06\x00\x00"))

// Tally3 is the Lucide "tally-3" icon.
var Tally3 = newIcon("tally-3", []byte("\x1f\x8b\b\x00\x00\x00\x00\x00\x00\xff\xec\u0521\x19\x80 \x00Da\x9b\xcc#cP\x99E\x06\xa2\xb2\x01l\xc3\f@|~\x17l\x043r\xe5//\u07f1\xd2B/\xa7\xb4\xb5ZiJ\xbfg\xdd\x00'#D\xe9`\xcc:\xc0\xcb\x04Iz`w\xbb\xdb\xdd?\xbb\xaf\xbf\x11Z~\x7f\xe8\x92&\xb7\xe9\x0f-\xb0'\x00\x00\xff\xff\x03\x96\xea\x8e@\x06\x00\x00"))

// Tally4 is the Lucide "tally-4" icon.
var Tally4 = newIcon("tally-4", []byte("\x1f\x8b\b\x00\x00\x00\x00\x00\x00\xff\uc521\x11\xc4 \x14\x05\xcf\x1d\xf5\x842\xb0\xd4\x02\x05a\xe9\x00\xba\xa1\x06@n\xe6\xcf\x10\xf1]4\xe1\x99\x15\xbb\xfa\xfdvZ\x1c\xf5/\xb4\xadY\xa1\xa9#(\xb16\xc1\t\x13$\xa1\x83\xa9\xc4\x1a\xe0\x85\x19\xb2\xd0\x03J\x9c\xeet\xa7\xfbL\xf7\xf67b/\xcf\x0f]BSzPb\x9f\xdd\x01\x00\x00\xff\xff\xb9b\x8dk@\x06\x00\x00"))

// Tally5 is the Lucide "tally-5" icon.
var Tally5 = newIcon("tally-5", []byte("\x1f\x8b\b\x00\x00\x00\x00\x00\x00\xff\u07141J\xc4P\x10\x86\x85]pO\xa0\xe21\xdc\xc2-\"{\x80m\x17\xbd@H\xa1\xc1BBr\x9dh@,\xa2\x95V\xc9%\xc4\v\x889\x80&\x90\x04\x14\xf2\u02fc\x89\xc4\x17p\xde+\xac2\xcd_\xccG\x86\x7f\xde?\u0659REM\xbeK\xba,\x8a%\xe9\"oB\xad\xd1W\vlH\x13 !\xdd\x00\xad\xd6\xe8\v\xc0\x964\x05R\xd2-\x00\xada\u015d\xdcx\x16\x9c{\v`e\xe6\x1a\x0086s\x00\xcasy\xee\x01\x8dD\x17\xef\x8b>\xe6W\x15a\xaf\x8e\xecw\xfd\xc2CO\r{Q#\r\xfb;c\xec\u0651\xb9\xf5\x9bry9\x13\xdf\xe3\xf0N}L\xb9\xfc\x9b{\b*\x1ejx\xdf\x12\xfd\x1bH\xdc\x13\xbb\x8c]\x91\x9b\a_\xecR\xce\x15/\xf6\u04df\x89\xf9\xf3\xd8%\x1e\xc79\x18q*>\x1f\xe6<\x03x\xf7\xefE\x8e\x17\xdb\xc5{\xf2}\\\f\xf1\x91\xb8\u056f\xf8\x18\xb8\xce\xea.\xbdk\xe7\x7f\xeew(\xdb\xffFTg?\xff\xa1#\xd2EV\x87Zc:\xf5\x1d\x00\x00\xff\xff\x1d\xb5d\x04@\x06\x00\x00"))

// Tangent is the Lucide "tangent" icon.
var Tangent = newIcon("tangent", []byte("\x1f\x8b\b\x00\x00\x00\x00\x00\x00\xff\xa4\u04fd\x8b\x13A\x18\xc7\xf1\xe7\xe4\xd0K,rVZZ\u02bdp \xbe,\"\xc7\xc1EPA\xee\xb48b\xbf\x8d\xa8\xc1\xc2? \x86\x18\x14D\vQ\xec\"B\x8c\xad\x82\xd6b\xb5\xc1&\x8a\n\x11\x14\x13\x04\x03\x16\u064df\x15L\xf8J\xf6%\xc6dv\xb2\u2bdb\xe5\xc3\xcc\xfc\x9e\u0755\xff\xce\xdc\xda\xe9\x95\x18\xec\xa2\r\xbc:4\x8d\xe5\xf1\xf2\xfd\xb0\x9e-\xf6}\xc7k\xbd+\u008f\xf5\xc4u`Y\xeb*\xf0T$\t\x9c\u04ba{\xd0\xd9-\u01c0U\xad\xcb\x00\xce\x13\x17\xda\xdbu,U\rjpA\u02ec@\xf5\xafLe\u056d\xdb\xe5\xfc\xe2Tf\xa5\xb4\xf7\xff\a6\xa8\u0438\x94Y\u0626e\xbb>\x85M;/n\x9e\x88\x1c\u02bc\xcdh\x9c\x87g\x12\xcaC?x\x1f\u027b\x8f\xad^H\xbfU\xd23\x13\xec%\xe0\xae\x0fn\x96<\x92}\xd0\bh\xddT4%\xfd\xe7\xc1\xfe\xe2{_\x1a\x93\xec\xd7\xdf=\x97\xae~\x19s\xc1\xcbj\x8e_fv\xb3d\x8e\xb3\xcf\xf06j\x14\"K\x85\u029d\xb3\x83\xf1Z\xe7\xc0\x9dh\x17\xa6\x10\xfe\vV\xca\x00\xf6F\xb0,C&\xf3\xc0I5\x9b\xb3\xc1}\xec\x00[\"\u0482\xcbj\xb7\xe6\x8dl\x8f\x03wE\xe49\xdcW\xbb\r !\xf2\f\xca\"r\v\xbe\xce*\xdd\np-\x99\xfe\t\x05\x119\n\x1cWo\xf8&\xa8\xd1[\x10\x91\x99f\xe4\xc1F\xd7w9ou\x03\xec\x1djx\xb0\x06\xb4\xcf\xfb\x8b\x03\xc0\xa6\u0689,o\xac\x0e\xf7\xa8\u00e3(7\x9a\x1ctw\xc6p\xfb\x80L\x9c\rkP\x8a\xe3L0\xe381\x8cXL\x9d\xdf\x01\x00\x00\xff\xff\xc5\xc6Z\x0f@\x06\x00\x00"))

// Target is the Lucide "target" icon.
var Target = newIcon("target", []byte("\x1f\x8b\b\x00\x00\x00\x00\x00\x00\xff\x9c\x94KO\x13Q\x14\xc7\xff\t\xb5\xba\xa4\x0f\n\xf1\x05%\xd5\xf0\t\bF\xd4D\x1a\x02.t\xfc\x06\x18+v\u0405e\xc1B\x02!.ea\b_\xc14\r\x91G\xc8\xc4\xf0PS\x1e\vW\x88[\xf1\v\u8816\x98\n-\xd3\xf9\x9b;\x0f\x99\xcb\f\r\xf1\xac\xee=\xf3\xbb\xf7\xcc9\xf7\x7f\x0e\xfe\xd3\xc2\x1diEIw\x84\xebB\u0271\xcd\x03Z\xb6\xbf>\x96<\x89\xea^\xa1\xd7\xcc\xe5\xebAT\xcb<}6\xdf\xec\xc3\xfa\x7f\x88\x0f\x95\x05\xb53\x1e\n\xc5;\u0545\x8a\xd8\xef\xf6\x1d\u00de\x18$K\x13\xd1#Ot\xa2D\xd2P%\xec\xb18\x9c\x8f\xc9gc\x05\xe1}\xe8\xf1\u0729\x91\x87\x19k\u065e\x99.\x14\xa63\xed\xd6f\xd0 \x8d\xa3\xd0\x17v\xc9\xc3{b\u0577\ue9b0\xde+\xf6\x8aA~kq\xb99\x92\x83\x00\"R\xcas\x8d\x00\xb2$\xdf8\xd8-\x92\x05\x00\x97w\xc4\xe7\xda\xd6\xe2\xe2VM\xacv.\x01\x98!y\xc3\xe6V\u021fM@\xec+\xc9\xef\xc3V\xca\xd1a]\x80\x11 \xf1\x8b|kaWMr\u0709\xbe\x9ap\xff\xa5\xf9\x9d\x13\xf1\x05i\xa6\x84g\x9c<\x88\x00}$\x97\xcf\x1e\xd5\xe0\xdc*\xc94\x10\xad\x90\u03c5\xe3#\xa9\x01\xd8 \xf5&\x91\xe2F\xb9\xbc!\x92O\xe8\xe4\x1a\x80%r\x13@\xa8J\x0e\x01I\x92\xc3\x00&\xedd'\x01\x8c\x90f+\xf0\x94\xac6\x00\x1d$\xbb\x80\fi4\x02\x8a[\x95\xbb@\xa4F\x0e\x00\xdd$S@\x9ad\x04\x98\"?\x01\xd8$K\xb9\\\x89,\x02\xf8L\xbe\x02b$o\xdb7\x84\x80<\xb9\b\xa0L>\x03rd\x19\x80F\xbe\x06\xc2\xf6\xed\xa7\xe5|q\xf7r\xb9\xbd\x80\xb8\xa7\xcd\u00e9K\x9b\\\x97\x97R]*\r\x01u^+\xff^\v\xa8\xb3\xf5nQ\xfb\xddV\x02\xde-\xe6\xbe\xdb\x15\xaf\x0e\xfe5X\xcb\xfb\xe3:pu\x15\x15\xba\xd2Gl]\x8d\xf8u\x85\x9b\xb2N\xb75m\xdb\xd2\u95cb\x8eN\xbb=\xba\xcf\x02h\x9c\xf3\xea~V\xe8~\u0223{\x9c\xd7\xdd>\xea-\x9a\xce\xd0(\xa6\xc5\xfe\xbe\xd4G\u8bd1\u01a0\xb5L\x0eL\xe5\xf3S\x03\xf6\x10\xca\xca}\t<\x12w\xcc\xc4\xe5>\x8f\x8b\x7f\xe3\x03\u0267\x9e07\x0e\xb3\xf2Y\xf4\xef\x8a\xc3UM\xedJ\x84\u00c9.U\xab\x8a\xbd~|\x0e\x01\u0373\xfe\xb96\x9b\xf0abN.\x9b\u049c\\\xba\x16D\tk\x1b-\xee\xdb\u041f\x0f\xa3\xad'Q\x96\x85S=\x8a\u0493:S\x17\xaac\x7f\x03\x00\x00\xff\xff\x83-u\x8a@\x06\x00\x00"))

// Telescope is the Lucide "telescope" icon.
var Telescope = newIcon("telescope", []byte("\x1f\x8b\b\x00\x00\x00\x00\x00\x00\xff\xbc\x92?hSQ\x1c\x85O\xad`\x8d\x0e\u048a\xa6\x1aE-\x82\xa0\xa0\x10\x1d\x94\x82\x8bH\xe9\xecPAD\x85\xa8\xb4Rj\x90\xba((\b\x82\xa8\x8bKP3(\x1dJiApP\x1cJ\x8d\x92\xa2B\x15\x85Z\x1d\xec\"\x86\x06T\u0502\x8d\xf9\xf3\xc9{\xef\xe6%\xbe$\xef9\xf5,\xb9\xb9\xf7\xcbwO\xf8]-rv\x1ej\xfb\x0f*t\x11\xbem\x0f\x80\x9aO\xa4r\x00I\x7f\xac\xe51N\xee\xfas7\f\xc6Y?\xaa\xb5\xaf\b\x9f\xfa\xb6=\x83\u0446\xd0\xea\x93O\xf2\x96i\xb7t\x05\xb2Mu\xa1\xb5\xbd\xe3\x05scD:\x00\uca05\xd6\xf5\xa7\x8a\xb8\xe9\x91B98\xe3\x816\xc4\xd3%C\xbc\x1c\xdc2\x03\tI\xcf=\x05\xf7\xdcza\xa0R:\xbeQR\x02f\xe4)\xb8y\xf0\xad\x11\x15S\xfd\ub77d\x1e \\]\xb0\xed\xfc\x94\x81\n\xe3\xbd\xed\xee\x05aO\xc1\x8e/\xe5\xda\xd7\xd7\xfcS\xd7S\xf0\xa1\x85\xfcy4\x0f\x97\xec\xe3\xf6\xee\xee\xb0\xf5\xd9<\x02_\x97\xda\x05\x7fD%\xcdC\xfa\xe8*=\x80\tk\x0eCE(\x8c\x1d\xbb6\xf1\xcb\xfa\xfd\u0529\xc4,\xf0^\u049c#\x1a\x80\x85\x16\xadxM\xbd\x14\x97\xa8,\xda\x05\xc4N\xbf\xa9>-\xe4\u02ebQW\xb4\xe9\xf0\x82\u065b\x8dD~B~8\xde\x19\n\xdf\xfc\xf0\xfd]\">ry\xa5\x11=\xcdT,W\xa5\u342b\x19i\xd3\xe7\n\x93\xcb\xc3m\xe9\x0edkg\x7f\u011eW\xe9cj\xb8s\xd9\x10\x90\xcd\x02\xf7\ubf24\xfd\xf7\xc6.\x1cl\xb5\x97[M\xcb\xdf\x1du\xb8\xeaL;\xdct\x00\xd6e\xbd\xa9W@\x97?7\t\x99\xe5\xa19\x98\f\xd4\rH\u7084\xb6N\n\x12\x1a]\xa0\xd0\u8084\xae.@\xe8\xea\xfc\x85\xfb*:G\xb8\xb7!W\xd6I\xa1LCN\xb1d\xb4\xf2%\x9a\x8c5\xfc#\x8b\x98\xbf\x01\x00\x00\xff\xff\xf7\xae\x0e<@\x06\x00\x00"))

// Tent is the Lucide "tent" icon.
var Tent = newIcon("tent", []byte("\x1f\x8b\b\x00\x00\x00\x00\x00\x00\xff\xcc\xd4\xcfJ\x02Q\x14\xc7\xf1\xa3\x8bZ\x95\xb4*\xacmF\xad\x85\xb2\xe8\x05\x82\fz\x82\b\xf5\x11\"\xa2'h\xa1\xd0\x13\x94I\v\xb9Jm\xa6\xbfD\xcb\xc0\x82\x16\xba\bl\b+\xfa\xb7K\xa54\xf4\x17g\xc6\x195\xee\xdciWg#\xeaW\xe7\xce\xfd\\\x86\xfe\xc7\x04\x931~\x89%\x83\xea\xee\x11\x98'Z\x00\x1e\xd4\xdd=P\xec\xe9\u0541\x92\xba\x8b\x00X]\a\xb0\xa4\xee<9\xa0\xfa\x01\\x\xd4\x1dM\x83\xa79\xe9\x92\x11\xa5\xb8\xdbr\xcdh\xb8\x014\x86\u073b\x18\xff\u07f2k6\xf0\xc6\u074b\u03ed\xdb4\xee\x03q\x97l\xe2\v\u040e\x80\xfa\x98\xba;\x05j\xa3\xe3u\xe0P\x99-\x02\xd8 \x8a\x03\b+2\x86}\xea#\xf2\xbd2\xb3sg\xc3\x1a\u030e\xd9H\u0542e\xe6\x8a\u07e9\xdbm\xc32s\xd2!\x9b\xed\x84M\x01\u03504\xf3^\x03\xef\x83\xd6;\x7f\x19\xb8\xf4\xca:\x86]!\"_\"\xc1jk\x0e\xcc\f{\xc3{\xb1\x03l\xf3\x1e\x15\xe5\xcc\f;GD3|L\xa7\x88(,e6`y\x95W|\fr\xbc2)\xb3\x01k\x1d?se2\xe6\x16\xac)v\v<\xf7\x93\x8c\u06425\xbf\xea\xfaQ\x17\xb3\x05\u02eb< :\x01j\x01\t\xb3\r{\f\xd4\x03\xed\x9b\xfa\xc9l\xc1\xda[amR's4}\x0e\xe0N\b\x91\xad\x00\x9f{B\b\xb1_\x03\xcaY!D\t\xc0Y:b?\x00\\&D\x14\xfaeG\u0474\xa6\x172|\xb5L^\xd7Dk4=o~V\xd05\xe3\xba\x7f4\xdf\x01\x00\x00\xff\xff\x11S\u06ad@\x06\x00\x00"))

// TentTree is the Lucide "tent-tree" icon.
var TentTree = newIcon("tent-tree", []byte("\x1f\x8b\b\x00\x00\x00\x00\x00\x00\xff\x94\xd31h\x14A\x14\xc6\xf1\xb7\x88x+(\x1b\v\xb1\xf0\xae\xb2RB\x1a\x11\x05\x83\x01\x95\x88YQ\xe35\x8aX]q\x16\x8a\x95\x85\x88\x91Dt\v\vA\xb0\xb24\x90\xc2B,,L@\"\x9cE\x82\x85\xa0\x95I@\xadl\xbc\xb8\xc9]\xc4\x18\xff2{\xb7\xbb3\xbbs9\xefU\u0657\xdf\xed\xce|oFz\xa9\x81\xf3C\x85|\xf7\xc8\xc4.\xe3\xf9\xd0\a\xa0~-\xcb.\xc0OO{>\xdc \xaa\xbb&;\xba\x06\xcck\xf0c\x8b\xf1g\xbf\xc1V\xa2f\n\a\x80\xc0=\xfe\v\xee\xe5\x99\x06\xcf\x02\xae\xc8+\x98\xb4\xb0\x14\x0e\x01'd\xe7Wx\x92\xb0R\b<W\b\x98n\xf5\xb6-C\xf3\xe5\x17\xc0O\x9c\x0fL\x94\x01o\x1e\x9a\xed\xe6\xf5\xf6\a\u07a4\x9fug\x1awD9\xf1\xa6\x9b7\xe3\xee\xf8\x86b\xb3}\x99\xfc\xae(g\u0501\xf1\xc9\u01fe\x93a\xde\x02\xf0@\xba\x95Z\xd9\x7f\xc06\xeb\x06\x13\xb69t\xe7\x00\xb5\xbeU`\xac\xb3;\xa3\"V\xfb=\xb6\n\x8d\u03ae\x142\xe7E\xf9\r\x86\xccl\xf2\xe1\xd2H\xa1\x95\xb3\x14}\xcb\t6\xaa\x9c\u02f97\xe7\xfaW\x83\xb1[\xe5\xa4\x1e\u069d3K\xbe\xb2\xc3\x14\x91\xaa\x85Q\u0271=\xcb6\xf7cw\xd6M%\xff;\x17\xb7\x86\x81g\x19v\n\xa8\x01\xdf\xe1\xdb\x0e\xfd\xb7'\r\xb6}\t\xea\x15\xe02\xf0(YK\x1d>\x1b1\a@5\n\xec5l\x1c\xd4\xf7\xa6\xdf\xd6\xfeu\xa89\x91\u06f7\x06\xef\xb7\xc4Y\xd5\xe0wz\xfd\x9dw\xb0\xde\xdf\x1e\xc0m\xe0\x86\xfe\x82\xb7\x8e\xfe\xfa \x1e\xd4\xd6O\xb0R\xd4\x17T\u0462[t\x93\x81\x0e\xfe\x85\x17\xb1s\x17\xd3\x10\xd5\xf6\x87\xb5\xc1?\xb5\x87\xa8\xa2\x9b\x12\xcd\xf5YC,,\xd9\x06f\xd6BAd\xa4;\x83\xd3\"\u0170;\v\xf7\xaa\xbb0\x1a\x9f\xccjp)\xfe\xeb\xfe\xc5\xf4\xc0\x96G\x8b\xd9S\u04f9\xfe\x05\x00\x00\xff\xff\x0f*t;@\x06\x00\x00"))

// Terminal is the Lucide "terminal" icon.
var Terminal = newIcon("terminal", []byte("\x1f\x8b\b\x00\x00\x00\x00\x00\x00\xffb\x18\x89\x80\xd3G\x8e(u{\xfe\x7f\xb2!F\xdd\xf7\xff\xff?\x13\xa3\xb0\xfe?\x91\n\xdbG\x15\x12R\xf8I\x96\xb0:\x81\xe7\xff\xff\xff\xf7!\xac\xec\xf4\xff\xff\xffOq\x12\xa5\xec\xb4\xc0\xa828\xd8C\x9c2P\xfe F\x19C\xf9\xb7\xdd\xc4(C\x05\xa6O\xfe#\x83\xef\xe58\xd4-\xfa\x8f\n\xbe\xe2P\x97\x86\xa6n7.\x8b-B\x90\x817;\xc9.\x1f\x0e\x00\x10\x00\x00\xff\xff\x89\xc9\xc5\xda@\x06\x00\x00"))

// TestTube is the Lucide "test-tube" icon.
var TestTube = newIcon("test-tube", []byte("\x1f\x8b\b\x00\x00\x00\x00\x00\x00\xffb \ah\x854\x17\x86\x80AQs\x88\x16Ne\xf6\x7f\xff#\x81\xbfv\xb8\u0515\xfdG\x01\xa5\xb8\xd4I_FVvY\x1a\xb7\x03\xaf\xfc\xff\xdf\x00\xa2\x1b\xfe\xff\xbf\x82\xcf#\xa3\xeaF\u054dDu\x8f\x11\xd9\xe8\x11>u\xdf\x11\xea\xbe\xe3S\xf7\x16\xa1\xee->uW\xff\xff_\x05*6V\xfd\xff\x7f\x95\x1a\xfe\xa0\xb6\xba\v\xff\xff\xb7\x80\xe8\xf6\xff\xff\xcf\xe2S\xb7\xe5\xff\xff\xc3 \xfa\xf0\xff\xffs\xf0\xa9K\xfd\xff\xff\x7f\x9f\x8c\xd8\xe4\xff\xff\xff\xa7\xe1S\xc7r\v\x16|\u05f9\xf1\xa9c\xb0y\x05Q\xf6M\x17\xaf2\x06\x06\xa9m\xbf\xfe\xff\xff3O\x9e\x802\x06\x06\x06v\v'I\u00aap\x01@\x00\x00\x00\xff\xffJ\x17\x90.@\x06\x00\x00"))

// TestTubeDiagonal is the Lucide "test-tube-diagonal" icon.
var TestTubeDiagonal = newIcon("test-tube-diagonal", []byte("\x1f\x8b\b\x00\x00\x00\x00\x00\x00\xff\xec\xd3=J\xc6@\x10\xc6\xf1)\x15\xc4\xe2\xed\x15\xb4\x10\xbc\x83\x10K\x8b\xd5\xca#(b\xaf\x9d$\xa0Ena\xa57\xb0\f\xd8\nv\x82\x17\xc9\a\x11\x83\xf9\xcb\x1a\f\xc6$;\x03Z\xbeO\x15\x98\x1f\x0f\x99\x81\x95\xbff\xd5m\x9a\\F\xbegq54\xa7\x06\x97\x00\xad\xa11\x05(T\xf8\xc5t\xe8Yq\xa7\u00b4\x13\xa9\x02\xfby\x18\xfe\x98\xfa\xcfv\xe6<\x83\x92{\xa0\x99l\x1c\xb0\xa8\xf4[\xe7\x1b&\x06\xce\xc0n\x92*[10\u06ff-\xd9?\xb2G~g\xb6\xcd\xc0\xaeG\xeca\x8a\x1d\x02\xf5\xd5q\x97\xf8\r\xb8\x9db\xf2\n\xa5\xbe\x82\xec\x02':\x93#`]g\u2005\xced\x1b\xb8\u0419\xc83\xbc_.\xd6\u03aa0\x93\xfd\x8f\xf0y\xfb\x9c\x7f\xc38\xc8D\xa2'\xaf^\u018ft\x94\xad\x03\xb7\xa3+K>\x03\x00\x00\xff\xff`E\xa3\x9a@\x06\x00\x00"))

// TestTubes is the Lucide "test-tubes" icon.
var TestTubes = newIcon("test-tubes", []byte("\x1f\x8b\b\x00\x00\x00\x00\x00\x00\xff\xec\u053fJ\x82Q\x18\xc7\xf1\xa7\xc0Apu\xcb\\\"\x90\x1a\v\xea\x02\n!\xde\x06\x11\n\xd70\x1c\xbc\x02\xbd\x01\a\x87\xa4+HZ\x14\xa9]\xa8\u0665?\x83{\x89D\u038e\xe2\xeb7NO\x87s^)\xa4-\xc8\xdfr\xe4\xc3w8\x9e\xe1\x95_l\xbfP+\xe5?W\xad\xe4RFR\xb9jE\xa5T+\xec}e\xe7\xf8\x1b\xaf\x8b\xa4\xc7\x11*j\u05cc \x81\xc8qT\xae\xb4\xdb\x1d\xfa\u060d\x8b\u013b\xbe\fw\xec\x05\x81\xbc9;\xd0Q\xb1\xbf\xf2\x80\xfb#\xcbn\xd9\xfd\xd3\xce\xeeN\xe5\u07a3o\xbb\x81\xca`Q\xf7\xa0\xf2\xf8SW7\x1f\x89\x9e\x7f\xbf\x9e\x91\xfa\x9fx\x97\x19\x9c\x98\xf3\x16Z*m\xb81\xe7)\x84\xae{\x87\v\x11\x89\xbdBC\xe5\x12^b\"\u04807\xd7]\u00f4\x9cH\xb7\x80#\x95\x00h\xa5\x13\xe5)4]\xb7=\xb1o\xf5\xb4\xa2\xb2\xfale\xb2\xe5:)\x86\x8a\xa3\r+\x9b#\x95\xf0L\xfc\x1d\xf6\x8d\xb5\u05dc\xa4\xda3\xa0\x7f s\xcb\x04\xd9dT\x92\xd9 3_-\xdcG\x00\x00\x00\xff\xff\xaa@\xb3k@\x06\x00\x00"))

// TextAlignCenter is the Lucide "text-align-center" icon.
var TextAlignCenter = newIcon("text-align-center", []byte("\x1f\x8b\b\x00\x00\x00\x00\x00\x00\xffb\x18\x81\xc02\x04/\xb0\x80*K\xfbO\x00\xa4B\xd4-\"\xa4n!D\x9d\xe9c\xfc\xca\x1e\x9b\fX\x88\fG`\xbcx\r\x1aXl\x8cM\x1d\x96XyL\x89:,\xf6\x1aQ\xdbo#\x1dp\xee\xfe\x87=\x0f\xfd\xdb\u0349\xac\xce\x0fwn\xf3EV'\xff\x11\x97\xb2\x8fr(\x16\xcb\x06a/3\x82d\xe9\xe4\xf3\xc1\x06\x00\x01\x00\x00\xff\xff\xb2b\xa0\xd6@\x06\x00\x00"))

// TextAlignEnd is the Lucide "text-align-end" icon.
var TextAlignEnd = newIcon("text-align-end", []byte("\x1f\x8b\b\x00\x00\x00\x00\x00\x00\xffb\x18\x81\xc02\x04/\xb0\x80*K\xfbO\x00\xa4B\xd4-\"\xa4n!D\x9d\xe9c\xfc\xca\x1e\x9b\fX\x88\fS\xc0\u07ff\x06\v\xe8\xe7CW\u05c7=B\xfa\xc8U\xc7\u07c7\xcd\xde>\f{G\x01\x05\xa0\xfc;\x8e|\xf4\xc4\x14E\xdd7B\xf9\x12\n\xf6\xe0T\x97\x8a\xa2\x8e\xdd\x1bG\xb9aN\x17o\x0f2\x00\b\x00\x00\xff\xff`t\xd2b@\x06\x00\x00"))

// TextAlignJustify is the Lucide "text-align-justify" icon.
var TextAlignJustify = newIcon("text-align-justify", []byte("\x1f\x8b\b\x00\x00\x00\x00\x00\x00\xffb\x18\x81\xc02\x04/\xb0\x80*K\xfbO\x00\xa4B\xd4-\"\xa4n!D\x9d\xe9c\xfc\xca\x1e\x9b\fX\x88\f+\xc0\u07ff\x06/\xe8\u70e8\xeb#\x14o}\xa4\xa9\xe3\xef\xc3oo\x1f\xdf\xc0\x85\xc9p\x02\xa6O\xf0G\xc7\x13S\x88:b\xf3%\xb1\xf9\x9c\xc1\x02\x7f\xb9a>`!2\x80\x00\x10\x00\x00\xff\xffxD\xce`@\x06\x00\x00"))

// TextAlignStart is the Lucide "text-align-start" icon.
var TextAlignStart = newIcon("text-align-start", []byte("\x1f\x8b\b\x00\x00\x00\x00\x00\x00\xffb\x18\x81\xc02\x04/\xb0\x80*K\xfbO\x00\xa4B\xd4-\"\xa4n!D\x9d\xe9c\xfc\xca\x1e\x9b\fX\x88\f+\xc0\u07ff\x06\v\xe8\xe7CW\u05c7=\x1a\xfa\xc8U\xc7\u07c7\xcd\xde>\f{G\x01e\xc0\xf4\t\x8e\f\xf4\xbd\x1cE\x1d\xee|\xf9\x15E\x1d\xee|\xbe\x1b\xd5b\v\x1c\x05\x867;=\xbc=8\x01 \x00\x00\xff\xffX\x1d\xc1\xad@\x06\x00\x00"))

// TextCursor is the Lucide "text-cursor" icon.
var TextCursor = newIcon("text-cursor", []byte("\x1f\x8b\b\x00\x00\x00\x00\x00\x00\xffb \x19px\x87\x04\xda\xf1\xc2x\xbcv\x81!\xde\x1c\xd8\xd4\xed\xf9\xff\xff\xff\xff\u07dbL@l\xd3M\xbfA\xbc\xdd\xd8\xd4}\xfb\x0f\x06\x7f\xdb\x18\x19\xdb\xfeA\xd8_\xb1\xa9+\xfb\x0e\x91\xfc?y\x1a\x94\xf1\xbd\f\x87\x13YT\x1b\xbeBMjPe\xc1\xeb\x1b\xc3\x0f e\xef\f\xf0*\x02\x81h\x90\xbaH\x82\xca\x18\x18\xbf\xfc\xff\xff\x85\x91\xb0:\x86g\xff\xff?%B\x19\xc3\xed\xff\xffo\x13\xa3n\xe3\xff\xff\x1b\x89Q\xb7\xe6\xff\xff5\xa3\xeaF\xd5\r\x94:b\xd3)\xb1\xe9\x9e\xc8|Dl\xbe$2\x9fC\u028d\xf7\xf8\xcb\rV\xf5&X9\u0524\u038aCQ9\xbc\\\x9b\n+\xd7\u02b1\xa9\x83\x95\x93-\x8c\x8c-\x7f\U000544d0rw\x1d\xa4\xdc]\x87\xbb\xdce\xf7\x0e\xf1\xb7\xe1\x86\xf1xl\xfcC\xbc\xd9\xf1\xfa\x06+\x00\x04\x00\x00\xff\xff\xfb\x97\r\xe4@\x06\x00\x00"))

// TextCursorInput is the Lucide "text-cursor-input" icon.
var TextCursorInput = newIcon("text-cursor-input", []byte("\x1f\x8b\b\x00\x00\x00\x00\x00\x00\xff\u07141n\xc20\x18\x85\x9f's\x10\x18\xa3,\x8dj\xce\x10)Y\xcc\x11\xda#\xc0\x158B\xbb\xd1\xcc\f\xec\xed1\x92\xa5\x1dAB\x88\x11\xb5\xd9x\x95I\xa8I\v\xb6\xd7\xe6[\x92(\x9f\x94?\xf6{F\xcfH6\xe4\xbe\x18\x8d\x8a=\xb9In{\x05\r\x87\xc3\xe9\xf2r\xdb{\xe4\x05\x0f\x8e\x0f+=y6\xce\xd3D\xdf\xfb\x86\u0712[\x9fc\xf8 \xdf\x1d\xafE\x9c\xebt\x00`E\xae\x00\fRm\xc9c\xd1j\xe3\xca\xcc\xf5\n`I.\x01\xbc\xb1C\xa5\x1a\xad>=}Z\xef\xab\xeb\xb16\xa2\xa8\x9a\xfb\xa9\xf5\xa6\xf5/\xb1\x14@Lr.\x9b\tZ\xaf\x83\x9c\x93\x8c\x80\x9cd\xab]\xf5 If\x80&\t\x97\a\x92\xba?^\u8e84\xae\xf3y\xdff\u059b]\xdb7(\x7f\x0e\x9a\x80\xab\u049d\xab\xf2\xdc\x03\x11e:\x956\xa7\xf22\xa7Y$\xfe\xfc\x9a'\xf7?\x84\xf4hl{\xa9\x1cZh\xcfC\u03cdd\xcd\xe3n1\x1c.vG\xae\xef|C\xfe_\xbe\x03\x00\x00\xff\xff\xb7]\x84\"@\x06\x00\x00"))

// TextInitial is the Lucide "text-initial" icon.
var TextInitial = newIcon("text-initial", []byte("\x1f\x8b\b\x00\x00\x00\x00\x00\x00\xff\xec\u04f1/\x04A\x14\xc7\xf1G\x83\xe6V\xa2P\xf9\ah$,G\xa1\x14\xa5\u0215J6\xe2\x1fp\xa5\xbf`\x8eR\xa28W\v\u0375D\xa9Th$\xd7\xed&'\xd1I.B\xe1+nggF\xb1\xcfu\x9b\x88_\xf7f?;\xbb\xf3&O\xfeZ\xa6\xaf\xdf\x1f\xd7Gp\xe7@\x7f\u0495k\r\x97z\xc8\xe6>\x00\x0e\x8a2!\xc8~\xe0\xccp\xa57n\xcbN\xe8.<\x8b^!\x05vl\x1d\xa7\x9e\xa5\xcb\xde5\x81\x95\x1e\xdc\ub1d8\xe8\u00ed\x1c\x02\x1b\xaa\xdb\x03\xb6d\xea\x05\xba\x1a\x1b{\x82\a\x119\x06\x16\x14\xb7\r\xec\x8a\xc8\xcc\x00\u068a{\x0e\xbb\xb0\xa8n\xe7sS\xea\xba?\xdc *a\xf3\x9fpe\xef\xf2\bh~\xf7\xbdu\xe9\u04aa\xe5\xee\x14\xdef\x8b\x97\xee s\xd7hc\xf2G'p\xe66\u07c4\xb4\xc4E\xc6\x04\xbf\x94\xb4\x97\x86k\xfe\xbb\xa6\xa6\xb4\xea?#'\xceP\x93\u0179\xeb\xe8\xcc\xcde\xf2\x9b+\xe6\xbc\xdeP\xb3ZYG*\xccW\x00\x00\x00\xff\xff|\xcd}.@\x06\x00\x00"))

// TextQuote is the Lucide "text-quote" icon.
var TextQuote = newIcon("text-quote", []byte("\x1f\x8b\b\x00\x00\x00\x00\x00\x00\xffb\x18\x81\xc02\x04;\xf0\xe6@Q\x96\xf6\x1f\x17\u060d\xa2n\x11Nu_Q\u0519>\u01a1\xec{\x19]\xbc=R\x00\x7f_\x1f?\x98\x91\xbaj\r6\xd0\xcf\aQ\xd7\xff\xff\x7f\x1f\x88\xb6\xc2\x15}}\x10uk\xfe\xff_\x03\xa2-\x89T\x87\xcb\xde>>4u\x04\xc0\xa8:\xfc\xea8w\xff\xc3\x1a\x1dOL!\xeaV\xfd\xff\xbf\nD\xfb\u12b7\x85\x10u\xa9\xff\xff\xa7\x80h\xf9\x8f8\u0525B-\xb6\xb2\x84\u0432AX\x8b\x0fsb\x1c?\xdc\x00 \x00\x00\xff\xff,'\xec\xcb@\x06\x00\x00"))

// TextSearch is the Lucide "text-search" icon.
var TextSearch = newIcon("text-search", []byte("\x1f\x8b\b\x00\x00\x00\x00\x00\x00\xffb\x18\x81\xc02\x04/\xb0\x80*K\xfbO\x00\xa4B\xd4-\"\xa4n!D\x9d\xe9c\xfc\xca\x1e\x9b\fX\x88\f+\xc0\u07ff\x06\x01V\xa5@E\x053\u6b18\xe0\u00cc\xa4\xae\x0f5\xf8-\xc1\x82\xf9_\xc0\x9c\xeb\x16\xf8\xd5\xf5\xc3x\u07dd\x11\xf6\xf6a\xd8\x1b\x02Rrr\u00e3\xff\xff\xff\xbf\x12\xc6\xe3\xe4k\xff\xff\xbf\xb3g``\xae\xff\xff\xff\x7f\x1dne\x1a\xff\xff\xffO\x00\xb3\xb6\xfd\xff\x7f\x01\xb7:\xbf\xff\xff\xff\xf3\x81Y\xc9\xff\xff\xff\xa0\\\x1d\xc2\xde\xfdx\xed\x05\xfb\u00c1\x81\x81y'~\x7f0\x04\x83\xc2\xe5\xf4&P\xb8\xfc\xf3\u01a3\x0e\x11\xce\xff\xff\x7f\xb6\x81\x8a\x99>A\x8a\x8d\x7f\xbb9\xc1\x82\xb9\x9f\xc1\xdc7 \x85\xa6\x10uh\xf9\xd2\x17\"*\x906{y\x8f\x17S\xf3\xff\xff\xff\x17@DP\xf3\xf9G9T\x174\xfd\xff\x9f\x06eZ \x15\x12A\xb2\xe8N\xb5\xb4\xc0\xe7\x91\xe1\n\x00\x01\x00\x00\xff\xff\x13\xc6a\x12@\x06\x00\x00"))

// TextWrap is the Lucide "text-wrap" icon.
var TextWrap = newIcon("text-wrap", []byte("\x1f\x8b\b\x00\x00\x00\x00\x00\x00\xffb\x18\x81\xc02\x04/\xb0\x80*K\xfbO\x00\xa4B\xd4-\"\xa4n!D\x9d\xe9c\xfc\xca\x1e\x9b\fX\x88\f+\xc0\u07ff\x06\aX\xde\xeb\u014cP\u05c7/2\xee\xb8\x13\xa7\xee\xff\xbf\\\xb8\xbd}\xb8\xec\xdd\xf4\x14\xa4\u040d\xb0\xd3\x193~\xfd\xff\x7f\x8f\x99\bOf\xfc\xff\xff\u07d3\buLO\xfe\xff\xef\xc0\xa7\xa0\xfe\xfb\x1e\x0e\x10\xbd\xf9\xff\xff\xe5x\x94\xb5\xff\xff\xff\xdf\a\xc4\xd8\xf7\xff\xff\"\xfc\xca>\xc9200\x88|\xfb\xff\xbf\x1c\xaf\xb2\xcf6 \xe7\xad\xfc\xff\xff\xbf\x06!e\x1c\xb6{\xfe\xff\xff\xbf\x11*j\xfa\x04\x11\xfaOL\x19\x18\x18v\xa3D\xc8s\x19\xa8\xbaE\xe8y\x10E\xd9\x03=\x98-(\xf9\x1c\x94\xa7\xdf!\xb8\xef:\x04\x10\u03b1@\x94\x11\xe6 \xbe\xf8mPB\x89\v\t\xf15\xc6\x1fe\x02\xa7\xff\xff\xff\x7fZ\x00\xaf\x1a\x84\xc2S\x1cD*\xf4&\xac\x8eA\xe0\xd4\xffOrD\xa8c\xe0\xf0&J\x19:\x00\x04\x00\x00\xff\xff\xe8\x1e1\x8b@\x06\x00\x00"))

// Theater is the Lucide "theater" icon.
var Theater = newIcon("theater", []byte("\x1f\x8b\b\x00\x00\x00\x00\x00\x00\xff\xbc\x94\xcdKTQ\x18\u019f\x99As\xdcT\xd0\ajj\x94\x90\x11\x14EQ\x13-\"\"\xca\xfc\b\x9b\xa2\x85\xcc*#Z\xb5\xb0\x0f\xca\xd2E\x8b\x16\x12a\x7f\x81R\x18\"!\x11-\n\\\b\x06E\xf4aaa\xa5\xf4\x05Q\x11d\x868\xd3\xdc_\x9c{g\xee\xbdN\xf7Bmz6\xef\xfb\xfe\xdeg\u039c\xf3\u039c\xa3\x7fSuc\u070e\xf1\xc6\xea\x80\xd2U\xe5\x14w\xec\xe4.\xdf+\xff(=\x1d\x80_&\x96X\xb0G\xda\vV\xb1\xa9-\xd8\xef\xf7\x1d\x85)\x13k\x81\xb5\xd2\x06\xa0\xc6\xd4\xd3p\xc4\xef\xbb\f\x0fM\xdc\r,\x90\x16\x01;M\xfd\x04\xba\xfc\xbe\xdbp\xd5\u010e\u073a\xd3p\xce\xc4\xebp\xd3\xef{\r\xed\x92\"\x130`\xeaAxeb'\xbc\xf4\u0656e\u1824\x1d@\xbd\x01\xfb\x80\xed\x92\x0eA\xb6\xc2\xf3\x9d\x87\xd9\xc5R\xfc\x05|\x8c\x19P\xf4\t\x9e\u03d3\x96\xa4\xe1\x8ck\x8b\xbe\x85~I\xdd\xc0\t\a\x9d\x02.I\xba\x01\x13\u047c\xaf\x0e\xd8%\x9d\xb4`8\ac#`\xb5\xb9-\x87\u0743\xc9H\xf4\n0\xb5<\xff\u0655\xd3@w4\xfa\x0eFb\x0ej\a\xce&\x9f\x013\x8d\u079e\x9bf\x80\xd1f\xd3<m\x83\xf5\x19\xf8<\n\xf05\xe1\x9f\u0576o\x86=\xfd\x02\xe9u\x92\u02b3\xe44\xb6JsT;\x96\xefd\xcb\xec\x91\xdbz\x93\x8a\xa9@\xb1\xd4D\xae\xd9\u7314\xc9\xdeTQ\xa1\u02dec\xaaw\xd2\xf4\x9b$u\x01\x9dA&G\x17\x80\x8b&\x89\fC\xba<\xccV\x91\x81\xa1\x88\x9d\u05a4\v\xfee~\x1d\x83\xd9\x15\xb9|\b\x06\xc3|\xb7\xc8]\x01Im\xf0\xa38\xd8V\xf2\x13\x8e\xe7\x8b5\xc0fI\xad\xfd\x03>\xf5\x1f\x96\x94\x00V\xe7}\xa5@\x9d\xb4\x95\x02%\xa4z\xa0\xc4]\xfd\x83\xbd^\"\xc0\xb7\x05\xde{\xbb\xd8\xd4\u04ea\xe0\xefUk\xcf\u01b0#\xfe/\x95v\x8cg\x9c\x8dg\xc6;JC\xd9\xc2\xc7\xfe3>\x9a\x1f\xc6\xfa\xe6\x0e\xe3Z\b+\xb3\xe0~K\xd2V\xcb\x03\xb0\x96\x063s\xf3\xdc+_\xe1\xfc2A,\txg\x02\x92\xc1\xac\x19,\x8fY\xd0\x1c\xcc\xdc7\xd6V\xc1\xbb\xebc\xaaj\x88{,\xdeP\xa5\x10\xf6w\xfa\x1d\x00\x00\xff\xff\f\xc3\xf1\x84@\x06\x00\x00"))

// Thermometer is the Lucide "thermometer" icon.
var Thermometer = newIcon("thermometer", []byte("\x1f\x8b\b\x00\x00\x00\x00\x00\x00\xff\xec\xd4?J\x03A\x1c\xc5\xf1\x9fZ$q\xb1\xd0@p1^\xc0B\xa3\x10A,\xc5&\xb0\x88\x18\x89E\x0e \x96\xb9\x80\x18r\t\xb1R\x02\xe2\x01\xc46\a\xf0O\x17\x10!\xa0 \xd6\x1am\xfc\xb3_\x99\xd5\xc1\x15gf\xc1*\u017e\uaf59O70\xf2\xef\xf8\x95\xcad\xb2\x9ah\x7f\xc0{{<\x81yWD\xb9\x1cu\xbb=\xbe\xb3\xebv7p^,^\xc0\xb5\u06fdA]\xa4\x0e\xafn\aTE\xaa@\xeaR7\xb0n\v\x0e}\x11\xff\bj\x0eV\v\xd9\xfej;\x84\x9bV6\xfd\u00b1\xee'<O\xd9\xdc\x01,\xe9\xbe\f\xfb\x16\x96}\x82\x8c\x1e9x\u0318\xdd\"\x90\xd3\xc3\x03\x16\xccn\x03X\xd1c\x15X7\xbb5\xe0T\x8f3 0\xbbY\xf5\xaf4\xa3:\xd4R}\xc6\xecF\x1e\xd4e'(\x14\x82\x8ej\xf7\xc3f'-~\xa5ia2v\x17g\xb7\x9e\xcd\xc9|\xff\x87\xf5KV&R\xeai\u059bs0\x91l\xa3\xabT\xb7ay\x8bX\xf2\xe5r\xfe\xef\xe9g\x00\x00\x00\xff\xffq\xa2\xcfs@\x06\x00\x00"))

// ThermometerSnowflake is the Lucide "thermometer-snowflake" icon.
var ThermometerSnowflake = newIcon("thermometer-snowflake", []byte("\x1f\x8b\b\x00\x00\x00\x00\x00\x00\xff\xac\x94OH\x14Q\x18\xc0?\xed\xa0\xebRK\t\u0492\x1e\x82\x0e\u0461\uc3c1u\x8cB\x8c%\"\xc3 /EBt\x94\xf6P\x97H<\xaf\xdeB\n\xca\x12\xa2\x18\xc4K\x18v\xc8[\x1d,oB\x04B\x81ET\x87\xd2\xddb\xdb\xfc\u015b7o\xf6\u034b\x99\u0643\xdf\xe9\xfb\xf3\x9b\xf9\xde\xf7\xe7=\xd9\x04\xc9\xf7\xf7\xefL\xa7vL\xff\x85\xda\xf4v\xd7\x7f\xe4\xc1\xb0mf\x97\xf0\xe5m\x9b\u00ed\xc2)\u02fcM \xb7\x1c\xee\x13\xbc\x92\xe2\xaf\x17\x19m\xbe\x87\xc5\xce\xce7\xf0\xce\xe1\xae\x03\x97jpZ\x9b\x7f`Hd\b\xaa\x0e\xd7\xf6\x05\xbeB\xb5K\x9b\xc0\x80\xc8\x00\x10\xa1r\x13\x93\xb3\xfeq\xeeI\"7\x11\x9c\xba\xba\xbb1\xee\xb9$s\xb9\xd2\xeb\xb2\xe2\x96R8\x11i\xda3\x05\xf4\xa5r\xba\xe4o\x9e7\xbe-\x85\x93\x1b\xfa\x90\xa5\x18\xaeX\x99\xd7S\xb8\x99\xccU\x82\xb6\xa9\xbc\xdf=\xaf\x14\x97\xf7%\xfe\x90\xfc\xd1\xc5\xd61\xfc\u051b\xabBm\u079b\xa9\xa8U\x88\xe1\x8e\x11\x91\xbe8\xae\xb7A\xce\xca;\xfb;!\xaf\xa9\xe3bZ\x1dn_.\xc7s\xc5\xf5\xa0\xcf\xea\x87\x1cR\xda\x05\x98\u028b\xe4\x1f\xc2\xe0\xffs\v\xb9\xc1\r\xaej\xd756\u03bbX\x98\xb7\xab\xccc\xe3|\xc2\xfa\xae\b\u057c\xf7\x91\xa9\xe3.\xf4\x1a\xf7q\x98\xacC\xb9\xf1\xc5J\xb8\xa7\xad?\xa1\xc5D2\xf0#4\xa2{\x7f\x14\u0218H\u0594\x16\xe1\xfc{t\x0e8a\"'\x81\xb3V\xde;3\xe1\xbd<\x03<3\x919\xa0\xe0\x14\x1b\xdc\xf3\xfd\xea\x83Q\xdf\xdb4\xa6\xf4}N\xef\x82wc\xcbg\x15\\(tt\x14\x16\x94\xb6\xdalq\xfa\x1d*\xfb\x93\x19\x8b.\u0468\xdd>\xfb]\xdb\xfa\xd1\xc6>dm\xee\xf0\xfd+u\xe3\xe0Z\x1d[\xeb\x96x\xe9^1\xd8\u0281\x04L\xa4udYQ\xcb#-\x89\x98\x92\xf6\x9e\x9ev\xa3\xff\v\x00\x00\xff\xffrV2\xbd@\x06\x00\x00"))

// ThermometerSun is the Lucide "thermometer-sun" icon.
var ThermometerSun = newIcon("thermometer-sun", []byte("\x1f\x8b\b\x00\x00\x00\x00\x00\x00\xff\x9c\x93MKTQ\x1c\u019f2q\xa61\x98\xb2\xa6\x86\xac\x0f\u0422lF\xa517\xd2\x1b\bSX\x86-\\z#Z\xce\x17\x88DhU\xad\xa3\x95!D\xc3d\xb4\x88\xb6.\x15{\u0644\x10\x82P\x11m&\xa8\xacEV\xf3\x8bs\u07e7\xf1\u0711\x9e\xcd}\xce9?\xee9\xff\u773f\xfe_C%\xdf\xe4GG\x0f\u0631\xab\xe0\x98\uf7b9?\xf0{n\xb7\x8d\xabBUR\xe65\xae^\xed\xb4p5\xa8I\xba\x89\xaf\x1b\xc9\xdc*\xbc\xe8\xed}\to\xe3\x8b#N\xf7?\xfb\xfe\x82Ii\x126\xe2X\x83\xe5\xac\xef\x1d\x98\x92\x04\x8cK\xe3@\x8cs \x02\xbd\\6\u5e97\x81\xa5\xce\xf8I6\xe5\x945`\xb1=\xa7\xec\x12\xabic:\n\xe7O$p\xea,\x1a,w\xfb3\xde}\xd88W\xe7\xean\xb4\xb3m\xb8\xb3\x1b.\xf6\xa1?\x99\xdbo\xfe\xf6d8\x95T\x87\xd1\x1d\xa0\u04a6^Si\x1d\x1e\xdbsq\xaa\xb5Z\xd5\xdcT\x01\x18\xb6rC\xde\xeb)Ic@\xda\u0295B\xeeb\"\x17\xed[L\xdc7\u048e/0\xbf\x05Nw\xb7\x96\x8b\xf6\x99\x9c\xe7\x0f\xbb\xfe\n\xcc\xe6\xa5\xfc\x03\x98h\x01O\xff\x04\x16\x8d\x9bhp\u035b\xbbN\xe3r\vx\xa6\x0eo$\x1d\xfa\xc1\xc3`\xee\x11\xdf\x0f\u0190\xce~\u04e8{o=\x1d\x94t\xdf\r\xca\xd3I\xb8\x17a\u6746\x1d\x9d\xfa\x06]\xc1 \r_\xc3A\xf3\xbb\x1f\x8c'\x9e\x01\n\xbew\xfbh1\xec\xa3K\xc0\xa9\xf0\xcc\xc0\x98\xef\x9b\xfaR\xba\x00<\v\x06\u03c1\xb2\xef\xe3}.\u9a39\xf1i\xd7n\x9b1\xfeH\xb022\x95\x89\xd5\xde\xf1\xc9,.\x94s\xb9\xf2\x82q\x1f\xb7\xb7$\xe8i\x86&M[0\xedz\x1f\xc7\xdeel\x9c\x8e\xafG\xd8z\x9f\x15\x93\xfa\xd6\x02l\xedX\x02&\xa5*+\x86Z\xa9t%bF=\x03\x03=\x81\xff\x1b\x00\x00\xff\xff\xe0\xb8\x1e;@\x06\x00\x00"))

// ThumbsDown is the Lucide "thumbs-down" icon.
var ThumbsDown = newIcon("thumbs-down", []byte("\x1f\x8b\b\x00\x00\x00\x00\x00\x00\xff\x94\u04fdK[Q\x18\xc7\xf1'\xa5$\xb4\x1dR(m\xa1\r\x19\n\xed\x96vk3u\xeaP\x02}\xa1\x1c2\x94\xa6SK\xe9P\xe8?\x10\x14\xa7\xbb\xe8\xa4(N\"\x88(\xa2\x7f\x80 .AQ\x8c\x0e\x11\x828\xb9DPP\xb2\x04#\xb9_\u02797o\xf7%\xf7\xf8L\xe7>|\xee\xef\x9es\xee9r\xdbz\xf1Iy\xea\xaf\xf5])\xf5\xe5M\xac_m\x10Z\x87\xd9.K\xd5\xc2\x194\xbapi\x18\x83\x8a\xfb\xe9d\x13V\x1ez&\xac\x00\x11IX@\xc6i\xe5\x81W\u0785\xb9N\x12\xc0g\xa75\aG\xbe\r\xe88\x01\x94\x1e\xc4Na\xc2\xc0\xbd\x05>\x18\xb8Q\xa8\xc7\r\xdc\x0e\xac\xfa\x98\xdf=\xb6\u15c1\xfb\t\xf63\x03\xb7\fe?\U000f9ed70f\xe0\xde\x03Y\x03g\xc1\xd9\x1d\x03\xb7\x0f\xf3\x01\xcc\xeb\x12-\xf8a\xe0\xe2\xad\xc0\xdd\xeb\xb9\xe7@ND\xf6\xe0\xfc_\xf7R|K\xf7;\xa5Ta\x17\xec\xa7\"R\x18<\xbb\xf5\x94\xc3^\x1f\xf7z\v\xba33\bs\xba\x99\xa9\xf7:\xe5\xa4\xf3j\xbe\xd4\xe8sOt\xaf\xd4ylV\x8b\xf7}s\x9f\x84\xaa\x1e|\x04\xa6\x1f\x04-OW\x05f\xf5`\vj\xf7B\xd9#\xdb\xdd\xcbv\xdc\xffP&_\x81tt\x9c\x8c\u00c9A\x9cl\u00a2A\x9c\x1c\x80e\x10'\xeb\xb0f\x10'#p\xfd.:N\xd2Wp\xf1{;*N\xa4\xe8\xfe\xac\xe1q\"\xb1)\u0362\xe2\u06a7\xae\x02\xfc\x89d\"\xf22\x17t\xfbL\xeb&\x00\x00\xff\xffQ\xcf\xe3\x03@\x06\x00\x00"))

// ThumbsUp is the Lucide "thumbs-up" icon.
var ThumbsUp = newIcon("thumbs-up", []byte("\x1f\x8b\b\x00\x00\x00\x00\x00\x00\xff\x9c\xd2?H\xe2a\x1c\xc7\xf1\xafw\xdcy\xdcq\x1c\xdev''\x9cpp\xc3\xc9ACX46DJ\x81<CXDP\x83\rmmE-\x11F\x9b\x10.\u0468-\r\xb5E\xd0\x12\x18QQD.!m\t\x81\x14\x05Q\x92\xf6\x0e\xfd\xf97\xd3\xe7\xa1\xcf\xf4\xf0\xf8\xfa\xbd\x11\xfd\xc9\xdb\xd7\xe1\xffc\xc2\u0181\xa4\u04b2\u03d7\x14\xb6\xa4s\x93X\x9b\xd2\xe7\x12\xa3\u05d0uis\xdd\u049e\x83\x19]nGD\xd6aS\x9f\x13Y\x80\x03\x83\x9c\xac\u00b6AN\u04b0h\x90s\x03~\x83\xdc\b\xe4\xbf\xe9s\xb2\x02\xc7M\u0657h9')\x884ff\xcf\x1eK\x7fV)\xf7\x93\xea\x1ev\a,\xe68\xaa^\xde\xfc+^\xf9\xa8[\xb4x\x19\xaf^\xa4<\u05a3\xbfn\xeb\u1808\xfcx\x82\xbd!\xa5\x14Py\xeb\\\x01U\xdeD\x06\xf6E\xa4\x17p\x16>\xabu\xb5\x1b\x83\xdc\a\x91BGZ\xb9a\xc8}4p18\x14\xbd{\x7f\x05s\x06\xae\v\xe84p\xf3\x90yg\xe0N &z\xe7\x02\x82\x06.\x04\xf9\xef\x06n\x03\x12\xa2w\x9f\xee`\xda\xc0\xf5\x00m\x06.\x02\x17b\xe0\xcea\xd9:\xf5\x03\xf6f\xee/\x10\xb0\x8e\xff\x81\xb0\xfdu\xe7X\x83\xecW\xeblK\xd2r\xf1\xf2C\xde\xfbV,\xed\xac\u053d\xa7\xcd\xd9\xd6\uf6afa\xf3\xf4)\xa5\x82\xe1\x90z1\x9f\xbb\xe1\a\xd0\xed9\x00\x00\xff\xff\x89C\"p@\x06\x00\x00"))

// Ticket is the Lucide "ticket" icon.
var Ticket = newIcon("ticket", []byte("\x1f\x8b\b\x00\x00\x00\x00\x00\x00\xff\xe4\x94=N\xc3@\x10\x85gC\x11Q\x93\x168A\x942K\x9f4\x89p$\xe4\x8a2\x05\x81K\xf0\x93\u02a7\x89\"!*.\x81P\"\x916%\xd0P\xc54|hm\xc7k\x9b\x8dmQ\u00ab<\xf2\xa7\u06597\xb3+\xffP\xaa3\xf2\xb3:\x0f\xael0\xea\xa8\x04;YR\xaa\xa5\x8e\xb1M9\x06\x1b\x03\xaa\x8alF\v%\xd2\x01\x82f\xae^\xc0O\x83f\x00\xb4EF@\x1e\x93/8\xb3Q\x13\xf0D|\xa0\xd0\xff#\x1f\x87?\xd2\x1bn\xd8\xc8q\xfb\xa7G6\xd8\x1bZ\x8e\x95\xde\xe5\xad^\x11s:\xea(\ucef1~\x18\xfd6i&\xb35\xf0\xd6\u029c\xeb\x1d'_\xadw`=\xbb\x88\xa3\xc6-p\xed\xeac\n\xdcd\x8a\x7f\x80'\x97/\xcfp\x9f-c\fa\xd1\b\xa3O\x18\xff\x86\xabwncZ\xd6\xc7]\xd2\xc7dn|y=\xc8\xf8\x92\xce#\xf6en|I|\xee\x89S\xbd\xd4\xe7hn/]7&\xd2\xdd\xce\xcdp\x83\xc2\x1e\xa4\xf30\xc5\x0f,W\xc8\xe1\u072b\xba{Zw\xef\xeb\xde#\xd1\xd5\xf72vC/*\xb2mMSm\xaf\xf0n\\\xda\xc0k\xab]\xde\xfee}\a\x00\x00\xff\xff\xbd\x16\xf5\xc8@\x06\x00\x00"))

// TicketCheck is the Lucide "ticket-check" icon.
var TicketCheck = newIcon("ticket-check", []byte("\x1f\x8b\b\x00\x00\x00\x00\x00\x00\xff\u453fN\x02A\x10\xc6\xe7\u0382\x0eH\xe45\b\x95aMLl\xa0\x81\x84kx\x02\x12\xe5-\xfc\x83\r\x15\xbc\x82O@H\x8c\x9d\x0f`\xb01\x06\x12i\xd1J-I\xc0\xeag\xf6n\xef8\x90]\xa8\xf5k.\xd9\xf9ef\xe7\x9b\u0653\x7f(\xaf\x144\xad\nJ\x9e\xc1\x8e'85Q\x11\xb6pc\xb0\u0420\xb7#\x9b\xd6\xd8\x13)\x01\u074c\xfd\xf2\x99.P\x14\t\x00\a&\x92\x01\x1a\"M\xc0m\a\u040c\xb8\xbao\xa7\x0e\xea+\x8e\xa9\xb2ajJ\u0129\xb0\xa3eu=|\xf2\xf6~\xa4\xbf\xd5e\x18\xd6i\u0683\x19\xf0YHc\xa7s\xb8\x15\x91\xc2\x170\x1b\x9cG\xa7\xfe\x15p\xb1\x81q&\"\x1d\xe02u\xf9{x\x16\x91\\\xaf\x9f\x8d\xb1\x1b}\xfe\x02w\xe9:-X\x8aH\x0f\x1es)L\xbe\xa1\xb5\x85\xeb\x03\xa3`\x85\xfd\xe2L\xdd\xec\xc8\f\xd4`\x1bu\xfdN\xdcG\xfei\r\v\xfb\xb86}\xb4\x87\u0697\x8fCI\xc0\x043\xbe\f\xb5/\xc6\u7289\xe4\x1f\xe6i\x87*\x89\xcf\xe1\xdc^\xcb[F\x16\xaa\x1c\xcfMs5\xc7\x1e\xf8\xb5\x15g\xa7$\u066b}\xf7t\u07fd\xdf\xf7\x1d\x89\xda\xfd.#7\xd4xG\xb6\xd84\xaf\u0630\xff7\x1aE\xcfm\xc7\xdf\xd4O\x00\x00\x00\xff\xff\xad\xaa8\xe7@\x06\x00\x00"))

// TicketMinus is the Lucide "ticket-minus" icon.
var TicketMinus = newIcon("ticket-minus", []byte("\x1f\x8b\b\x00\x00\x00\x00\x00\x00\xff\xe4\x94;n\xf2@\x14\x85\xcf\xf8/\xe8\xfe\x14a\x1b\x88\x92I\x0f\rH\u0430\x02\x8a\xb0\x8b<\xa8\xa8\xccF\"\x84\x14e\x1fQ\x04Rh)\x93\xf4\x90\xea\x8b\x06?\xa5x\xc6V\xca\xe4t\x96?\xdf;\xf7\xdc3\xd6\x1f\x94\xe9N\xa6^M\xba&\u016ev\x04\xb5\xb3\tv\fcpt\xa0\xa9\xa9\xe6\xb45R\x17X\xb6\xfc\x87o-\x81\x8e4\x01\x02\x98\xd4\x02\xc6\xd2\x14\b\xdb\x01L\x13n\x14\xf9\xa9\x7f\xa3\x82co}\x98\u0753p\xf6<\xd1iP\x8d\rN\xe7\u05ee\xcc|}\x00\xde\xdbUX\xfb\x038\xac\xaf\x93\xa7\xe8\x0e\xb8\xa9\xe2\x16\xc0m\xe9\xf0O\xf0,\xe9b\xf5\x90k\xf5_\xd2\v<\x96\xbf\x9b\xc1IR\\^B,\xe9\x13f?\u1cbeq\xd17\xfe\xde7Z\x84\xe6\xb8O\xe7\x98o\x9c/o\x97~_6\u0397\xd4\xe7~\x15&\xf5s\x9f\xcf{{\xedUcR/\u06db\u3181\x1cD\u00c2\xf3S\xcas\xd54\xa7Ms\xdf\xf4\x1e\xc9\xd6\xdf\xcb\xc4\r\xbb\xad\xa9\x96\x99f:c\xff\x7fc\xdc1a;~\xa7\xbe\x02\x00\x00\xff\xffH_\xe0<@\x06\x00\x00"))

// TicketPercent is the Lucide "ticket-percent" icon.
var TicketPercent = newIcon("ticket-percent", []byte("\x1f\x8b\b\x00\x00\x00\x00\x00\x00\xff\u453fn\xc20\x10\xc6\xcf\xe9\xc0\x06\x95\xcak \u01a4;, %K\x9e\x80\xa1\xbcE\xff019\xb4\x0f\x82\x90\xaa\xbe\x03cU\x81TV\u01b6;\xe9\xf4U\xf6\xd9\x0e\xd0\xc4\xc9\xdc\xdet\x8a\x7f>\xdf\xf7\x9d\x1d\xfa\x87!\xfaIZ\x19I_\x18\xecz\vol#\xc6\x0e~\f8(P\xd4TS\xb1\x11D}\x00\xf3Vu\xf3\xad9\x80\x1eQ\x02\xc0\x83\x11\xb5\x00\xc4D)\x00\xbf\x1d\x00R\xe6\xc6\x01\x7f\xe9d\x8f\x97\x9c\xb53\xd9\xe1\xecb\\p\u0631t\t<\xf1\x865 u\x16\xed\xc0\\\xa4\x15\xe5\xc3cNa\xcc\rs\xbd\xac\xcaL\x97{\x00\x9f]\xb5.\x17\x1d\x8b\xad\xdbD\xd4\xfd\x02\xb0_\xdep\v\xc1=\x80[\xd77c\xba\xbd\x19\x80\xbb\xa0\x90\xf4\x02\xbc\x96`\xf4\x06<\x1fK\x9f\x00y\tF\xdf\xc0\xa4\x9c;\xc1~q\xee\xdcS\xec\xec\xdc`fu\x9caZ\u01c3\xd11])_>\xae\xd4\x14\x1cf&\u00fe\xac\x94/\xc6\xe7\x81\u0692\xb9j\xd6\xf1\x81\xf3Y\xcf\xed=\xb4s3\x87\xba\t\x86vn\x8a\x1b\xd9{ e\xdbf\v\xd3e0*8\xf2\x06sM\xefi\xd3{\xdf\xf4\x1dQT\xff.\u064dhSS-4-\x88^\\\xfd\u07c8{\xc2o\xc7\u07cc\x9f\x00\x00\x00\xff\xff\xae\xdb;Y@\x06\x00\x00"))

// TicketPlus is the Lucide "ticket-plus" icon.
var TicketPlus = newIcon("ticket-plus", []byte("\x1f\x8b\b\x00\x00\x00\x00\x00\x00\xff\u453dn\xc20\x14\x85\xaf\xe9\xc0\x06Cy\r\u0108\xbb\xc3\x02\x12,<\x01Cy\x8b\xfe01\x99\x17\xb1\x10R\xd5\xf7\xa8*\x90\u028a\x98\xda\xee\xd0\xe9\xab\x1cCb\xa9\x89\x13ul\xcfv\xe3O\xb6\u03f9\u05d1\x7f(\xd5\x19O\n5\xee\xa83v\xb3%\xaa\xad\xf6\xd81\x8e\xc1\u0441\xaad7\xa7\x8d\x12\xe9\x00\x8bz\xf1\xe5\xeb\v\xa0-2\x06\"\x98H\x1d\x18\x89L\x80x\x1c\xc0\xc4s\xc3Z\xf0\xb9iL3(\xaf\x86\x19\xc7Ng\vK0Y\xa5wxN'\x8eN\xfdt\u0142M\x8b\xfe)Yv\xdb\xccV{\u08d5\u01f5>\x81\xfd\xea\xd6W\xb5\a\xe0.\x8f\x9b\x03\xf7\xc1\xe5\x9f\xe1\xc5YXZk\x0fp\xb0\xd6.\x1b\"\xf2\nO\xa1\xf5)\x9cD\u0104Mpf\xbe`\xfa\x1b\xeer\xae\xc9\xce5?\u03ed\xcdc>\x1e\xcf>fk\x97\xcb\xfbuq.k\x97\xcb9\xe7^~\u03bd4\xe7\xa4oo\u0762\xbeu/}s\xdc \x9c\x83\x86I,\xa4\x97\x1fd\x9cD\u5e6asZu\ueafe#\xd1\xe5\xef\u04a7\xa17%\xbb]BS\xedQ\xf1\x7fc\xd4V\xf18\xfe\xa6\xbe\x03\x00\x00\xff\xff\u05a04\x1a@\x06\x00\x00"))

// TicketSlash is the Lucide "ticket-slash" icon.
var TicketSlash = newIcon("ticket-slash", []byte("\x1f\x8b\b\x00\x00\x00\x00\x00\x00\xff\xe4\x94=n\xf2@\x10\x86g\xfd\x15\xb4H\x1f\xd7@\x94lzh@\x82\x86\x13P\x84[\u41ca\x9b@\x85\x90\xa2\x9c\x00Q\xd1D\x11H\xa1\xa5L\xd2C\xaa'\xda\x1f\fK\xec\xb5\xebd\xaaW\xdeG\xb33\xef\xccZ\xfe`\xa8F\x7f\x90\x1b\xfd\x86\xf2\xd8\u0356hl\xb5\xc3\x0eq\f\x0e\x06T\x05\xd9Ll\x94H\x03\x98T\xf2\x8b\xafL\x80\xbaH\x1f\x88`\"\x15\xa0'2\x00\xe2v\x00\x03\xc7u\x93|\xea_\xf7\u0331\xd3\xe1au\xb6j:\xa5w8N\u06ce\x8e\xed\x00[\xc3\u04aa\xf6\xd1\x1e\x9b4\xa3\xf9\x1e\xf8\xa8\x85\x18S\xa3j\x9f\xc0~~\xeb\xbe'\x0f\xc0]\x88\xad\xabF\x8e\x81\xfb\x8b\xe2\x9f\xe1%\x03\x93Wx\xba,h\b\xc7\fL\xbe`\x98\xcd\x05\xd8\x0f.\xbd7\u012e\xeeM\u01a7>\xae0\xdb\u01e3\xefc\xb40\xbe\xbc\xff7z\x16b\u0797\x85\xf1\xc5\xfb\u0732\xdfW!&\xd2J}\xb6s{\xf3Sj.\xa7\x01&\xd2<\xcd\xcdp\x9d\xc8\x1e$\x9d3\x97OI\xbaWe\xf7\xb4\xec\u0797}G\xa2\x8b\u07e5sCo\n\xb2y\xd3D\xd5{\xf9\xff\x8d^]\xc5\xed\xf8\x9d\xf1\x1d\x00\x00\xff\xff\xe8\x10s\xd5@\x06\x00\x00"))

// TicketX is the Lucide "ticket-x" icon.
var TicketX = newIcon("ticket-x", []byte("\x1f\x8b\b\x00\x00\x00\x00\x00\x00\xff\xe4\x94=n\xf2@\x10\x86g\xfd\x15\xb4\x96>\xae\x81(qzh@\x82\x86\x13P\x84[\u41ca\x9b@\x85\x90\xa2\x9c\x00Q!\x99(\x02)\xb4\x94IzH\xf5D\xb3k\fH\u0675\xebd\x1a\xf0\xf8\xd1\u033e\xef\xccZ\xfe`\x98z\xaf\xef\x8d^\xddd\xd8\u0356`l\x13\x87\x1d\xc2\x18\x1c\x144\x05\xd546F\xa4\x0e\x8c+\xfe\xc3W\xc6@M\xa4\a\x040\x91\n\xd0\x15\xe9\x03a;\x80\xbe\xe3:\x91\x9f\xfa\xd79s\xec\x9cti,\xa7\xb1\xfe\xc6\xd3e\xc3e\x92\x1d\x8eK\xac\xa2c\xcbf\x97\xb0\x8aE\xe2\x15,l\xa2u\xb4\xaf\xb5\xccp\xb6\a>\xaa\x9a\x9e\xa2\xa0bL\xf4\xb9\xfa\t\xecg\xb7\xaev\xf4\x00\xdc\xd9~J\xa4k\\Y\x91\x11p\x7fq\xf8gx\x91\x1c\xcc1y\x85\xa7KQ\x038\xba\x7fq\xaa\xd8\xdaa\xf2\x05\x03\x0f\xa7MI=\\\xb9\xbe\xd1\xe8J\xc7:\xbd\xd2\xf1\x98\xe9\x18\xce\u0557\xf7\xff~_\xe6\xeaK\xe6s\xf3g\x9f\x9b\xb9\xcfvno\u0654\x1a\x8b\x89\x9b\xdbdq\u029c\xe6\xa6\\;\xb0\aQ\xfb\xcc\xf9)\xc9\xf7\xaa\uc796\xdd\xfb\xb2\xf7H\x92\xe2{\xe9\xb4'\x9b\x82j\x99Ebj]\xffw\xa3[3a;~g|\a\x00\x00\xff\xff\xa1\xf9\x17\xa5@\x06\x00\x00"))

// Tickets is the Lucide "tickets" icon.
var Tickets = newIcon("tickets", []byte("\x1f\x8b\b\x00\x00\x00\x00\x00\x00\xff\xcc\xd3\xcfK\"a\x1c\xc7\xf1\xef,\v\xee\xc2\xe2\xb2\xecu\x11\x96eOR\x06\x12h\x10\x05vV(\x0f\xd19=Ea\xa7N]R\x88\x0e\x06\x1d\xa2kIs\x90!\x04\xff\x83\xa8s\bI\xe11=\x04\x1d\xec'\x03\x9a\xbc\xc3Q\xc4t\x9eQ\x02\xa1\xcfm\x1e^\xcc\xf3|?3\x8f|\xaa\xfcZ9\u032c\xfe\x1c\xa4\xfe\xee=\x03\xdc\xcd:\xaa\xc9\xec+\xad<\xfdW\"-|\xda2g\xe7\xc0\xb1B\xb9\xe2W\x16\xaa\x1d\x8d\x8b\x1c@\xddc\xa7~o\xdeZ\xeaa\xe7O\xf3\xd1S\x87t\xbf\xfa\xb7\xffb\xa9\x9buw{E\x87\xc7\u0799\x03'\rK],}\xed\xacM\x00\x1b\xdd\xe8K\xe2\xbau\xf8\xc2V\xb4;\x05\xa8.F|Z\x9b\u03598\xa6\x18\xb0X\xb0\xe6\xcc\xc0lB\xad8\x88\xc1\xa5&\xe2\x03\xf4\x1fb\x80a\xdf\xe960&\x12\x01\\\"Y\xc8*\xca\a\xc2\"Q@Db\xb0\xac\xf8J@\xb4\xe3d*\xa8`=N\x9d\x8f\xb9!\xf7\x8dCl\x18\xa7\xee\xe5\xbdS\xf6\xdc\xe3vm\x7f\xca~\xe7N\xa7\xddC\u036b\xceH\x9d\xbf\\\xf6;\xba\x05@\x13\xc9@\u019ei\xc0\xbc\xc8\f\x10r\xea/\x04L\x8b|\xbf\a3oT\xa0b\xd8%oB\xf5\x9b\x88$\x06\u07cf5\xeb\u0169\x86\xb3j\xa4\xda'\xf0&u#W*\xe5l\xf7\u0553^\xe7\xdaF\x9b\xb7\x00\x00\x00\xff\xff4}q\x81@\x06\x00\x00"))

// TicketsPlane is the Lucide "tickets-plane" icon.
var TicketsPlane = newIcon("tickets-plane", []byte("\x1f\x8b\b\x00\x00\x00\x00\x00\x00\xff\xcc\xd3=h\x14A\x18\xc6\xf1w\x8d\x10\x03r~\xa5\x11\u0081\x8a\x85\x04\x8d\x10\x85D\xf0\x03\xceNIP\x17\"V\x16&UPbeec\x02\x92b\x0fD%\x85\x16zd\x8bs\x91\x83T\n6~\xd4\x12\xf0P\x82 \xe4R\x04,\xa2\x89\xb2\xe4\xee\u05bf\xec\xcer\xb7\xb83{\x9d\xe4i\x8e\x1b~\xdc\xcc<\xef\x9cl\xa9\xec\x99|V\xba\xb9\xab\x93:\xf0\xe0\x17\xc0\xf7s\x99\xead\xb9\x89\xca\xc6a#\xb2F\xde*\xf3\xfe\x030oP\xdd\x13\x9f#T\x7f~Ld\x0e\x1ay\x9d\xdaww5R?g\xfb\u00af\xf9\x068iu\xe8\xf1\xefH-\xdf\xce\xc5+.\xac\xff{\u7857A\xa4>^\xdb\xdeZ;\x0e\xdcI\xa2mS_\xd4\xe1\x17\xef\xd9\xc9,\xc2\xda\xd5\xd1\x01+f\xe7}2S\x1d\x8a\xd8p=\x9b\x81\x1fB\xab\u0689\xc1'Kd\x00pw\x8a\a\x9e\xbe\xd3\xfb\xc0Q\x91Q\xa0[\xa4\feC\xf9\xc0\x88\x88\r\x88\xc88\xdc0L\t\xb0[NN\r\xa7\xc0n\xa7\x98K\xb9t\xfa\xaaP\xccp\xbd\xf9\xae\xf0\xe3\xc82j\xc0\x86}/4\xd8\xfc\xfaz\xee\xe1\x06\xf0.\xb5\xef\x04\x8c+7\xdf\xee\xad\u0493\xbaG\xbb\x97\x8b\xad\xf9<\xe9J\xdf7\xd1s\xef\x99\xeb\xafB\xf6F\xd7K1\xf9(g\x81?\x93\xda\xfer\x8e\x13\xbd\u03fd\x97\xec\xb1\x17\xc0\u6621\xe7xH\xdf\xd4\xd1\xd6\v\xa6y\xa8\x1cTl\xf5\x84qnq\x9e6\tj\x8f\xf6\x8b\xc9\r\xd6j\x83\xfa\xf1\xc5\xee\n`\x89\x94\xa0\xa4g\x16pY\xe4,P\x10\xf3;\x95\x02pZ\xa4\xe7\a\xf8\v\xde\n\xacx\xba,\xf8\xb0\xb6CD\xa6:\xff?nE?<\x13d\xab`&>A\xff\xb4\xebU\x96\x96*\xda}\xdd\xe9~C\x0f\xff%\x7f\x03\x00\x00\xff\xffQ\x11x^@\x06\x00\x00"))

// Timeline is the Lucide "timeline" icon.
var Timeline = newIcon("timeline", []byte("\x1f\x8b\b\x00\x00\x00\x00\x00\x00\xff\x8c\x94\xbdN\x02A\x14\x85\xaf6*\x8b\t\x85\xc4n\xc5\x1a\x13\n\n\x8d\xc1\x1e7\xb1 \x90\x18+;\xf4\x05\xc4\xd6\x1f\xb4\xf2\x11\bQ;\x84\x18;\x1b%vFx\x01\xad-\xa8\xb4pq+\xc91\xec,\xfb\u00dd\xcc\xcei\x96\xdd\xf9\x86\x9b\xb9s\u03e18\xcd\xca?/[\x95\xb0\xf6?F\x0f\x06\xa7\x16\x9b#0\x9d1,\xd5\xe7\x14p\xa7\x87a\xd7\a\x8e\x9dn\x82h\xa1\a\xa0\xbf\x12\xd9Z\x01\x10\xbc9@\x89h\a\xc0 E\n\xee\tv\x86\xc8\xfc\x01p\xa9\xe2\xe6\xb6\xcd\xf1\xa3`\x03\xe8u\xc2z\x05\xb0\xc6\xce\xeb\x82L\r\u07bf\xf5\x81\x92\x9b\xb7L\xefW\xb2\xdal\x87\xeb>\x02_\xd9\xf09V\xf9\x9f\xbb\u0295\x96\xa6\xfb\x12\xaf\xda\xefsB\xbeb\\\xb4\xf7d\u07ed\x17Gqo\xbeNe}i1\xec\\:\au\x7f=\x7f{0\xc1\x86G\x919\xbd\x02\x10\xcc\xe9'\xb0E\xb4\t\xc0.D+D\xefW\x97\xcb\xdfT\xfd\xba5E]\xdds\xf8:\xd1\xeb\vQ\xb1;T\xf4Y\xf8C&\xa3\xde\n]\x87\xee\x1c\b\x7fH\x95+\xa7\x83\x17\xcf\x1f\xe3@8\xbc\xeeL\xcd\xe9w\x96\xef\xdeP\xcf\xfdDq>\xf2\xfc\xe1bo\n_\n\x7f\xc4\xfb\\77\x84?D\x0ee\x14\x9c\xa7\xd8\\S\x83,'\x89\x92\r\xad\xdc%\xa2t\xb1\x1c\xc9\xf1\xf7\xbf{I\x8eK4#\x1e\xff\x01\x00\x00\xff\xff\x95\x0f\xee\x94@\x06\x00\x00"))

// Timer is the Lucide "timer" icon.
var Timer = newIcon("timer", []byte("\x1f\x8b\b\x00\x00\x00\x00\x00\x00\xff\xbc\xd3=h\x13a\x1c\xc7\xf1\x7fb_\"\x19k\x89\xd2J\x11\x05\x1dZqi\xa1h\xbbFh)*Aq\xb0P\r\xa1s\x87.R\x1c\xdcJ\xe9`\xe9\xdc,\xad\xc1\x8aVp\xf0m\xaaE\xc4A\u050a\x88\x9b!\xbe\xd0.\xa51\x89\xe8\xdd}\xe5\x12\x93\u7e7b'\x87:\xf8\x9f\xf2\xfb\u0747\u7e7b<'\xff6\xb1\x91TuFb\xe1\xee\t\xbf\xe7q\xb8+\xd7])\xdcMWj\xac2\xfd\xf7\xf7\xfc?\xa6}xj1\x97[\x9c\x1an\x0fS}K;\xf5\xe7\xddY\xeak\xa6\x129\am\x9c\\\xc2\xc8No\xd7\x16Z_[[\xaf-\xbb\x9d4\xb0+\x16P\\\x18\x88\xba!:\xb0\xf0\r\xf89\x11`)w\xcf\xe5\xfd\xaa8\xb0\x02\xd8g|\xecX\x19\xac\x8c\xb7\x9b\xb4\xa1t\xd4SE6\xc0\xb9\xe4\xdfc\u0701\xa7\x11\xbd9\x0f\xcc{\xcc\u0808\xdc\x00Rz\xfb\n>zN\xdcu\u0208\xc4\xf2\xf0RkO\x00\x13>F\xd6}\t@\xaf\xaa\xaf\xc1\xee^\x1f+\xf6\x8bH\xbc\x043\xaa\x7f\x00w\xfd\xecT\xf5\xe7=\xb8\xaf.\x14\u0a91\xc9\f\xe4\u0555\x1f0\xde\b\x19\x8d\xc9e(+\xe7\xc0\x85F\xc8jL.\x82\xa5\\\x19\u048d\xd0_\u021f\xd4\x17\xdfU\xee\x1d\u030aq\xe6\xe1\xadJ7a\xc3\xec\x9e\xc1\xb2J\x93`w\x9bX\x8f\xa3\u07d1$,\x98k\xb2\xad\u0569\xe5[P9\x1cdG\xbe\u00ca^\x1c\xb7\xe1y\xab\x9f\xb5\xbe\x00\xbb\xd7S\xb9'h\xb5\xc5\xcbZ\xee\x04N\x9b\xc47\x81\x87\xfb\xf4\xaa\xf3\x11\xf0:\xee\xdb\xe3\xe0'\xe0K:Z\xcf{\xd2_\x81B\xf0-\x1c\xfa\xe0~\x8a\x85\xd9\u046e\xb6\xb6\xae\u0479\xcfnz\xdf\x13|6\u9e0doV;\fLD\xcem\xea\xea\xcdY\xb3r?\xbbdv\xab\x86\xb6\xb2\xc9HSV\x9d\ue871\xb1!\xe3\x9f\xf8G\xf3+\x00\x00\xff\xffv<y\x9e@\x06\x00\x00"))

// TimerOff is the Lucide "timer-off" icon.
var TimerOff = newIcon("timer-off", []byte("\x1f\x8b\b\x00\x00\x00\x00\x00\x00\xff\xb4\xd4=h\xd4`\x18\xc0\xf1\x84+%\x11\xd1s\xa8\x1fC3\xd4\nN\x05\xbd\xc1ED;\xa8\x98\x1e*J\xa9\x1f\x93`\ag\t\"Z\xc1A\xc4AtW\xac\n\xa2(\x05\xb5\xa8\xd4\x1b:uH7q\x10t\xbaH[\xc5\x13\x1a=k\u047b\xbf\xe4\xf2\xf1\xbeI\xde\x14\x97>\xcb\xdd\xf3\xbc?\x92\xf7y\xc9\xf3j\xff\x1dV\xd5\x14\x89a\x1f\xef\x84m\u460f[N\xb2\x1aQ\xbc\u037a*0\x9b\xc0_\xb1kf\x9d\xe9\xca\xd0Y\n\u0652\x93\xdb_y6\xf5\xc4\xe2XM\xb8\xee\xe8\xd5G\x93\x93\xe3c\xfb\u05ec\x04\a_,\xc7\xfd\xfe\x18\xdfQ\b}\xe4h?\xddR\x04\x83\xa8\xbf\xb9\xff`j\xbe\xf3\xf7\xeb\x01\x15\xfc\b\xfc\xb9\xde\x1ff\x037\x9bAzB\x017/\xa6\xba\xde\xf8$\x80C+v\x1d\u01b96\xfc\xdcZ\b\xf7z^%\xcc\xcf\x023\xba,\u032a\x95\xc0\x06<\x8c\u02b7\x80a\xd9\xd5\xf0{\xa5\xae\x9fEe\xe3\x13\xbc\x93\xd8\x00pH:\x9e\xe7\xf1\xc2\x19`\xa7pW\xa0\xb9V\xda\xe3\xf7\xb8\x99\xeeE\xb8&\xbfV<\xa2\xfcE\xee\xfa1L\v7\a\x17\x93\xa4wA\x82\x0e|KV\xf4\xbfpR}\x8e\u01e0]\x8a\x17\xba\x80\u00f9s\xec\xc0#@\xf2\x89\xe9-8\xad)\xe1)h\x89z\x1d\xc64%\xbc\x04uQ~\r\xaf4%\xac\xa5V\x1cX\u07a0\x82}\xbf\xe1\xbc(n\x03.h\n\xe8\x01\xfdRq\x1a\x1a=*\bSrm\x1f0\xa1)a\xfaK\x9d\x00n\xe4\xe0Bn\xae{\x82\u0279kf\xa0\x95\x87\x95`(?d\xc7AqS\xecj\x04\xbby\x7fy\xcfz\xbd\xb4i\xe8\xf6\xfc\xe7J\x01\uc6c9&\xb8\x15\xfe\xdc\x13OtS\xb7kitN\xbe\x0fF\xa5W\xdb\xe9\xedt\x8f\xbc\x8c\xee\x0e\xef\xce\xeed\x8f.\xbe\x95=\n\xadk\xfb\xc1\xe1\x91\xc1T\u0770\xf3\xac0\xfe\x05\x00\x00\xff\xff\x95\xc1\x11/@\x06\x00\x00"))

// TimerReset is the Lucide "timer-reset" icon.
var TimerReset = newIcon("timer-reset", []byte("\x1f\x8b\b\x00\x00\x00\x00\x00\x00\xff\xbc\xd3?hSQ\x14\xc7\xf1\x1b%i\xa2\x83v\xa8\x83F\x05E\n\x15\x17#(\x0eEE\xa4\x98W\xa8\x9aUi\x04)\b\xddj\t\x0eN\xe2P\x10T\xea`\x16\xb1\x01\x89RP28\xb4\"\n]\xb4\xe0\xa0 \"U\x90\xa7\x15\xb1\nQ\u06c4D\xfb\x95\xf7\xa7\xbd\xf7\xbew\xf3P\x87\xfe\x96\x9cs\xf2!\xf7\x0f7\xe2\xff\x92\xcc\xe6\xdcd\x93\xd1\xee!~&\xa3\xdd\u0092\x9b\x8fv\xc35\x8f\u0546\xff}\xcf+\x915=\x85b\xb9\\\x1c:\x98\x88R\xfb\xef\u0596\xce[\xbd\xb9\xb3\x95\xda\xf1\x005\x8b\xb77\x18\xd9\xc9y\xf7\ubbcf\xefU\xa6\xbe\xbb\xe5\xdca\x03+\xb8\xe8\xd2.\xb7Y\xb5\xf7\xbas\xe3\xcd\xfe\x10\x1bt\xd8\xd5ur\x90\xbe\x03\xfc:\x16`\xddM\xa8\x1f\xd7gg\x7f\u00cf\xed\u06a8\xed-4z\xbc:c\xdb\x19\xaf\xca\x03S\x9a;\a\f\xf9u\tJ~9\n\xf4),>\v\xcfb~3\x0e\xe3~\x99|\x0f\u04ca\xeb\x05\x8e\x88\xb0\x13\x03@\x97tEx'Ln\xed\x02\x14\xa4{\x05\u05ccNT\xa0\"]\x1d\xf2fw\x11f\xa4\x9b\xa0\x9a6\xbb\xd3\xf0S\xba\xb6\xacd\xea\xbd\b\xd1\x0fuaN\u01b6w/7\x83\xf0\xad\x85\xd3r\x05\x9e\xcb.i\xe5\xfc\xec\v\xb8\x170&\xbbG\xf2u\x9e\xd1\xd86\xe0\x94l\x95W|Ks\xa3\xd0\xe809{\x8f\xca:k\u06b2\x9e\xbb\x10:D\xea)4\xbb\x82\x8e\x1b\xabu\x16\xbf\x0f\x8c\b\xdd5\x80\x89vu\xd8\xf1\x04\x98N\x05\xdc\xf99\xe0S~\xf9'\xe3\x03\xce\xe0CZ\x04\\\xaes\xc6Y\xfb\u3235)\x91\xd8h]\xfe\xecto\xb6\x88\x90\x13\xed\x15\x02)\xaf\x0f\x1cl\x11\x9c\xffZ\xdfkU\xbd\xb4B\x170Iu\xb3\xf3\x19;:\xf6\xc5C\xb3\xa5C\xb1\x10\x13\xa9^\xb9\x91\xf4\x01\xebD\xf7\u05b0\xf9\xcb\xfc\t\x00\x00\xff\xff&D\x8dj@\x06\x00\x00"))

// ToggleLeft is the Lucide "toggle-left" icon.
var ToggleLeft = newIcon("toggle-left", []byte("\x1f\x8b\b\x00\x00\x00\x00\x00\x00\xff\xe4\x94;\xae\xda@\x14\x86O\x85n\x99\x9b`\x12\x90\x10\x05y(\xaf5 \xa4\xc4\xe9\x10E\x10\x05Y\x02\x8a\xa8#D\x8bXF\x88\xb1\xc0\u0640kXAR\"V\x10\xa7\x05\x19\xb0\xf3E\xb61~\xa2K\xcf_\x1d\x8d>\u03dc\xf3\xcf?\x96\x1bV\xa9\xd9\xfe|V\xbbY\u0285^L6\xa4\xb4\x99<\xcfl\xa5\xb9i\u0293\xf3#\xb9\xa9\xfa7\x8f\xf2d}\x8ca_\x8e\x80\xadw\xaa\x85h\xadP\xed\xe86p\u8757>y\u0622\x9c\xed\xb9\xbc\x00\x8ej\u061b\x05N?\u07c2\xbe\v\x96\x12\xd4\x1a\xe0c\xefF\xb3\xd9\xe8m\x12\x1c\x00S\xbfz\xe5\xc2BD\x1e\u03c3\xce\xe7\xf7\t\xf0'8u\xaf\x98\x80]\x16\xb9\xff\x1d\x8e\xf8\xebQ\x9c\xab\xd80\xf6\x8a\r\xe8\xc1wlMsK\xb0{$\x03\xd6\"\xf2\f\u823c\a\x96\x8a\x88\xb2\x04\x12=v\x81\xa2H\x13\xa8\x8a\fa\xeb{\xfft\a\xdf\xe2\\\rh\x88\xb4\x81\x82?\xb4\x19\xac\x9b\xe1\x80'\xdd\x01\xad\xeb\xb9k\u03cd\u0371RDJ+\xf8\x97\x99\xe3I\u0197\xdd%_\x1e\xf4y\x7f\xf2\xf9exoz\x80\xe9\x17\xee-\xca\xc1\x9b\xa1\xa6\r_'\xa8X\x0e\xfc\\\xb9_%W\x83X\xaeD\xf5rjT\xb2T\xc5\x1b\xee\x10%\xbf\xe7\xe7\xde\xe8\xd6\xeeb\xf6\u05ba\xc6>\x99{\x11\u057a\xf4\x8e\xfe|H\x9c\xa0L\x9d\xdcw\xf9]I\xf7R\x1f\xaf\xd3\xd4z\\\xcf\x1d\xae\xd8hE\xff\x8dV\xa3\x98o\xc1m\xe8\x7f\x00\x00\x00\xff\xff\x94\v\x9f\xec@\x06\x00\x00"))

// ToggleRight is the Lucide "toggle-right" icon.
var ToggleRight = newIcon("toggle-right", []byte("\x1f\x8b\b\x00\x00\x00\x00\x00\x00\xff\u453fn\xdaP\x14\xc6\u03c4\x18\x9b\x16\xd3\x06\t1\xd0?j\xd3>\x03Bj\xdd\r1\x141\xa4\x8f\x10U\x99+\x94\x15\xf1\x18M\x1d+8/\xe09y\x82vD<A\u0755\u0200\xdd_um\xc0\xbe\xf6m\xc3\xce7]\x1d\xfdt\xef\xf9\xce\xf9l9`\u057b\xfdO;\xf5\xbbu#\xf4b2\xa7\xa0\xf9\xe4y\xe9*'.RJ\xd1w\xfdR\xfb\xb7\x89R\n>\xe4\xb0\xcfk t\a\xcdJV\xab4\an\b\xacNw\xa5\x8f\n\x9b\x1e\x97{>\x9e\x02k{\xdb[\x00\u0459y\x04g1\x04Vzv\x80\x02\xf6\xf6\xe2\xea\xea\xe2D\x9d\u0381\u02e4\xf6*\x86\xa9F=\xbeN=\\\x1f\x89\xc8\rDmU\x9d@\xa8\xf5v\xf4sk\xf6\xc7#\x91F\bcU\x9e\x83\xab]w\x03,|\x7fA\xfa\x8e\a3\x11y\x06\f\xf2\xd8;\xe0\xd6\x12\xb1n\x81\x13\x91!P\x13\xe9\x02\xcd<7\x82E\xb2\x85\xa7\xf7\xf0U\xa4\x05tD\xfa@%\xcf9\xe0\xa7'?\xb1Z\x05z\xfbs\xfb\xbek\xf4qg\x89\xd4\xef\xe0\xcf\xc6\u01d3\xff\xcc\xe5^\x9f\u02c3s^n\xe6\xfc\xb2\xbc77\xc5\\mo\xa6\x1c\xbc\x199\xce\xe8\xb5h9Hr\x15\x7f\x11\xa3\xces\xb9\x12[\xe5\xd4k\x94\xa9\x86\xb2\xb4\u0292\x7f\x9a\xe4\xde\x1b\xb6\xaa\x19Sm\r\xbd\xa5\x9e{\x11;\xf8\xd7w\xf4\xeb\xbd\xf6\x82u\x19\x19\xbf\xcboV\xb1\x97\xf6xV\xa4f\xe3\xb6\xd1\\\xad\xd3\xcb\xfe\x1b\xbdN\xcd<\x82\xc3\xd0\xdf\x00\x00\x00\xff\xff\u0536C\x0f@\x06\x00\x00"))

// Toilet is the Lucide "toilet" icon.
var Toilet = newIcon("toilet", []byte("\x1f\x8b\b\x00\x00\x00\x00\x00\x00\xff\uc53fKzQ\x18\x87\xbf\xfe\xfa\x82\xaea-A\x7f@M\x19\x8d\xddBBh\x88\v:5\xb6\x84\xb5T4&-\u065f\x11aXC\x06\x89C\x12B\x83HC-\x11\x14\x99\xd1\x0fm)\x04\xa1\xc0\x96z\xe2v\xba\xdd\xeb\xb9G\xc21\xe83\xbd\xe7\u1e5c\xf7}9\xdc\x7f\x1d\u016fEc\xb6D5\xbfR[l \xa5\xb1\xa0\u0412\xb2e$\xe9\xd0\x06\xdeU\xde[\xbf\xec\xadA3\xec\xb2\x13W\xb8\t\xab\xb2\xb7\r9\x99\xe5`Kf\x19\xc8\xfc\xb1\xdf\xc2|\x91\x88\xb7\x85\x8563VjP\x13\xd5\x19\x1cz\xed^U\xf5\xbaD\xc6;\xf2v\x14\xf7f\xcb\u5b28\x1e\xe0\xd4\xf7\xe9\xa5\xe0@\x9e\xc3J\x01\xd6E\xb5\x02O\xaev\x9a\xbb\x0e\tQ\x8e\x01\x93\xed<\x1d\u043e>\xb9\x87\u02c0Z\vT\xe0\u01bcl\x0e\xc8+\xc5@\x1e\x88\x9b'O\t(\xebnGo\xfa\x15P\xb4x\xf7\xb5\xb1\xa5\u05cbt\xe8\x1bM\xa5w\vu\x83V\x82\xb6/{Jb\xa1U\x13\u031a+.\x06[\xaf\x88\xbf\xb4x\xc7\u00ba\x9d\x91\x9b\u0440\xbb\u0520y4\xfa\xdfOh\x8e\x96\xff\x9f\xc3s\xafu\x1e\x01\xf6\x14\vX\x06\xe6\xed`\x03\xd0\x1dZ_\x13N<v\xd2\xf5\bU\xc7\xdfrI\xfd\x9e&doZ\xed\r\u02de\xffH\xa5\xa5\x9ds\xb8Gcr\xa2C\x8ay\x7f\xccG\x00\x00\x00\xff\xffM\x02[\xb7@\x06\x00\x00"))

// ToolCase is the Lucide "tool-case" icon.
var ToolCase = newIcon("tool-case", []byte("\x1f\x8b\b\x00\x00\x00\x00\x00\x00\xff\xbc\x93_\xc8Ka\x1c\xc7\x1fM/\xc2^I\xa2\u031b^\xf2\xe7F\xec\xca\x15-).\x96\xb4\xd1\u0105vgY\xb9 \xb9Qs!\x7f\x92\v\xc9$\xad\xadv\xa1\u0770\x92\xb9\x90\"\x8b\x8b\xd5.$J\xca\u0245&k\x8dM\xcd\xf6\xd1s\xcey\xce\x1f=;\xa9w\xed{\xf5\xfb\xfe~\x9f=\xcf\xef\xf9\xb6#\x16\xac\u0232\xff\xa1V\xbc\xa0sX?\x9a\xbfT\xce'C\xb69\a\xb4/\xae\xd3`g\a\x00\x8d\x88\xe5\xaeJ\xc3\xe0q<\xf4\x0f\x96\xc2Rs\xa9i\xef\u0656\xafW\xaeg\x97\xb8\u0622/0x\xfa\t\xb8-f\xf7\xc5\xf7\xf4\xa1\xf6dh\xb3U\x97\xdb\x0e\xa4\xc4L\x1d\xf8l\rG\xdb\xc4\\\u03b0\xea\xb5\x0ew\x00X#\u0126\x8e\xba\x8fW\xb2\x1d:$\x7f\xf9k\xb9\xc2\xe6n\xc0H\xae|\xc2\xe1\xdeY\x93\xe7\xf0;mS\a\x9br\xf0\u00ec\xcfT\xaf\x1d\x9d_\xf9\x16\xd8(\xed\x0e\u0f0d\xa5\xad\x03^z^\xbf\x1e\xd8+\x8b;\xd0[m\xf5\"}`\u0638\xb9\xc1\xc3\x1d\x01v\n!\xc2]x`\xf7.\xc0\x9f\u04f3\xbe0\xb7\xb6\xc1\x90\xebf\x81]v\xb3\f\xcf\xfc\x99\xaf\xfa\b\x9c\x92\xa9~\x80\u05ea{\x1f\xde/\xf6q\x97\u0378\x85\x10\xfb\x81\xe3\xaa+\xa3\xe8\xddJxT\x00\u02b2x\x03<R\xe1\xcd|'P9u`-\x98{\xa8\xb8\x93\xc1\xdc1go !\xb4J\x00b\n\\\xb4T1U\x8a\x06s\x86Z\u0798\f\xe7\u073b{\xba\xef\x9d\x18\x97\xd4sI\x18\xb9\xae\x05w\xf5\\\x1e\xbe\xb9\xae\b\xd4+\x1a\u024f\xbc\xe0r[~\x8e\xffWu7{\x8e\x8f\xb5\xc6a\xad\x98o\x8fp\xa6\xa8\xbb\xb7\x98\t\xeb\xf7\x9e\x9a\xfe\x06\x00\x00\xff\xffX\xd1M\x95@\x06\x00\x00"))

// Toolbox is the Lucide "toolbox" icon.
var Toolbox = newIcon("toolbox", []byte("\x1f\x8b\b\x00\x00\x00\x00\x00\x00\xff\xb4\xd4?\x8e\xda@\x14\xc7\xf1\xe7\xca\xf1!\xe0\x00\xa0\x88\x06\x14R\u43e0&H\xc4\x15\a@\x89\x14%\xca\x19\x00\xc9\x05\x15\u0700\x82\x8a\n\xbaDt\xb4t\xcb\x01\xd0n\x0fl\x81+\xf8\xae\xb0\xbd\x1e\x033^Xi\x7f\xd5\x1b\xe9#\x86\x99\xf7<\xf2\xaaX\x85\xba\x1b\xa4^\xb0R\xd8\xc7%q\x96e3\xf3I\xc47Ak\xc9I\xee\f[\x17\x00\xcf\x0ek\xdb\x03\xde\xeb]\x1d\xb0\x9f\x176\xf0M\xef\\@\xad\x00W\xa7r\xed90\x8e\x03\xcc\u06f9\v\xd6\u0763\u027e{\xc6\x06:u\xcc\xe0\x82\xed&\x8b\xd5L\xed;[-&\xbb3xd\xeb\xd2\xe5\x7f.\xadO`\xc0\x8a\xba\xc3\x15\x93\xb0od\x11\xec\a\xe5\xef\x14\x16\xc1_\"\xe2l\xd3X\b7\xb6\xc8W\xa0bf\"\x15\xe0\xb3\xc8w \x1a\x8c\xd60q\xe6\u04b0\x15\x16\x16\xd0Hv\xb5\f\xf7\xca=\xc0\x87\xb0\n;\xad\x9ci\x0e\x94\v\xbf\x89^\\\x1d\x03\xf4\xe2\xca\x15\xf9i\xeal2?D\xbck\x9c'\u04bc\xc65o;G\xb8n\xc0A\xb9Cpk:\x97y\xe4\x9fr\xff\xd9f\xf4N\xb25G9\xa7\x96\x15\x833\xe46\x97\x98\x03}\xa29\xf8\x02T\xd3\\\x15\xf8$\xe2l\xc0\x9f\x8e\x8d\x99\xfa\xb0~'\"\x7f_n\u01df\xe0\x87\xf5O\x81J\xfc(\xe4;#\xf3\xbe\xa3N>\xfd:\xde6O\x01\x00\x00\xff\xff\xeb\vC @\x06\x00\x00"))

// Tornado is the Lucide "tornado" icon.
var Tornado = newIcon("tornado", []byte("\x1f\x8b\b\x00\x00\x00\x00\x00\x00\xffb\x18>\xc0\xf4\xc9\x7f\xbc\xe0\x89)D\xdd\"\xfc\xca\xfe\xff_\bQ\x97FH]*\xd4b\x8b\x10\xbc\xc0\x9c\xa6\xbe\xb6\xc4f\xa5\x05\x862\x1c\x9eIEW\x87#p\x16\xa2\xab3}\x8cM\xd9c\x13\x1a\xfa\x94t\xc0\u07ff\x06\r\xacJ\xc1\xa6\xae\x0f\x8bW,)P\xc7\xdfG\x9c\xbd\x03\a\u02bf\xc3=\xf0o7'nu\u07d0\xbd\xea\x8b[\xdd\x1e$e\x1f\xe5p\xabc\xf7\x86\xa7\xd1 Y\u02bc@\n\x00e\x12o\x0e\x82\xca \x99d7Au\x90L\xf2\x95\xa0:p&\xf9^F\xb43\x87 \x00\x04\x00\x00\xff\xfft\xd2\xe2\xd6@\x06\x00\x00"))

// Torus is the Lucide "torus" icon.
var Torus = newIcon("torus", []byte("\x1f\x8b\b\x00\x00\x00\x00\x00\x00\xff\u0714OHTQ\x14\xc6\xef\xa0R/%\f5H\n2\xac\u0305B\xa1M\x14\x1a\x03\xfd1M$\x17\x89X\xe4&ZO\xba0\"\v\x04\xa3\x04\ra\x18\xacV\xd5,*\xcb\x06\x97\x96T\x90\x9b(\x8a\xc2\x16\x92\xd6\"k\xb2\t\u0269\xa9q\xde/\xee{\xf7\u037c\x99y\xb3m\xd1\xd9\xcc9\xbf\xf9f\xde=\xdfy\xe7\x8a\xff1\xf2<\xe7\u01e7\xc3\xcb\u02cb\uf0bd{\xf3\xb2\xa9*}al\xf1\xdd_\xe9\xa4*\x1f\xd5I\v\xfd\xee\xa6t\x95\xcb\xfb\xcb\xf8*\xf4\xa0\xefT{\xdb\u027e\xb1\x90QF\xbd\xae\x14Y\xc1}I\x97|\xee\x04v\xed\xf2G$\x1b]e\x93\xad\x9e\x02\xe2\xc3%\xa9\xcfX;\x1c\a\x9e\x16$\u06dc\x00>\xb83\u03fcs\x0e\x98\u0235\xca\x01\xe0y\x89Ss\xc5/\x80\x8b\xaap\xeb\xf0\xb6P\x15\xb9\r\xfd\xb7\x02\xfd\a\xac\xffX3\r\xf1Z3\x9f\x82\xa5\u034a\xb7~4-\x99mU`\xebOxbd{\x80nE\xbdI\xf3\xbc\n\xf5\x00\xbber\x1d\x164\x93U\xc9\x06g\u01c3\xefe\xfb\xd5&\xd3\x16`D\x1a\x15\x82\xa1dC\x8b\xfbe\xb2\xef\a\\R\xf0\n\xcc\v!6\x02\a\x15\xba\t\x93f6\t7\x14l\x006\b\xe1\x01\xd6)\xd4\r\x8c\xd4hZ\xcd5\u0d02\xa5@\xbd\x10-@\x8e\xe5\xc2\xe7d\x1f\x9f,\xa7\xf2\x80\x16!\x9a\x81\x95\x96\xaf\xdb\xe7\x13\xb2\x1d\x16\u04c0CB\xb8\x81-\x89\x01\x14\r}\x93\xaa\xf0`q\x02U\x00\xb5B\x14\xea\xd0a\x1bUnuSsU\x8e\r\x9c\x00]\x9e\xe15\xdc\xcb\x18\xac-\xc6\xe0\x95\xfc\xbc\x00\xb1\xb2\uccb2\x18\x9c\x95\xc9\xfa?p'\xbb\xee6\xfc.52\x1fp,\x9b\xec8\xe03\u04d2\x10D\xeb\x9ce\xf5Q\xf8Z\xa4\x8aF\x1d\"\x8dN\xb2\xc3\x11\u041b\x12e\x97\\\xc2\x01-]\xa5]\x96\xab\xdae#g\xa4\xb9s\x9d)W\xc0\x8aN\xb9\x1d\xf4\xa4\xfc\xb4\xc3X\xc2/\x83\x9e|\xb3\xce\xf7\f\x19\x1b\x1ciO{F\xc53s\xae\xf1\x99\x87\xc1\u08d9\x98Y=.\xcf8\xb2\xeb\xe8\x9b\xf4{\xe3\xe5\x11G\x0f\\uW\xed\xef\xd5H\xbd\xa3\u0294n\xeb8\xe7\x0f\x04\xfc\xbdm\x15\xd9E\xff4\xfe\x06\x00\x00\xff\xff5\xbf\xa5_@\x06\x00\x00"))

// Touchpad is the Lucide "touchpad" icon.
var Touchpad = newIcon("touchpad", []byte("\x1f\x8b\b\x00\x00\x00\x00\x00\x00\xff\xec\xd41\x8a\x83@\x18\xc5\xf1WO\xb3\xbb\u0572x#k+\xd1~\xf7\f\"\xb6^dI\xe3=$\x06\x92V<\x8a\x82\xff`L\xa1IF\xa7\x14\xc9\xeb>\xf8\x15~\u03bc\xd1~b\xb2\xa6\u00da\xae\xc9\u030d}]\xech\xcc\xf9cp\x875\x06\xff\x92~z8F\x815Q\x05\xfd\xb7\xe4\x03\xde\xd2\xe7{\x80/\x05\xc0\xf2\x9e@\xf0v[t\xf3\x93O\x92\xf9<\xba\xbf\xf5k\x05\xbfR\xee\xe2r)tq\xe1\x8b=\n(\\\xf6\u0758{\xea\u0463\xbb\xf7h\xe8e\x15O~\x7f\t\xe5d\x8cOc/]{\xaeO\xc7wC&\xad[;j\xeb\xd4h?\xb9\x06\x00\x00\xff\xff)\xf0\xba\x9f@\x06\x00\x00"))

// TouchpadOff is the Lucide "touchpad-off" icon.
var TouchpadOff = newIcon("touchpad-off", []byte("\x1f\x8b\b\x00\x00\x00\x00\x00\x00\xff\x8c\u053dNB1\x14\a\xf030\x00\x8buBC\xc2\xe8\xec[\x90@p\xb1\x13\xf1c`\xe1%\x8c\xa3\xc6\xd7P\xc3\u0083\x90\x121q2\xa0L\xbe\x80\x97M\x13\xfe\xa6\xed\xbd\xf1\xb6\xf7\xb4\xb7\xff\xa9'\xf7\x976\xa7\x1f\x97\x92\xd3\x1b\xb5\x92X\x06%\x12\xdc\b\xc02\x01\xb6T\"\x14+\x00\u0651\x19\x9f|\xc0\xcf\xef\xfa\xb6m\xbe\x1d\xbe\xe9rcf|\xa80\x9d\u0541\xfe6\xb3\x85Y\xfa\x8cux&\xa2\xe3=\xf0\xb2-\xe0\xe9\xb9\xf4r\xa1\x80}\x87h\x00\xa0+\x96\xe1f\xba\x00\x06D\x12\x00Q\f\x02\x90\x85\x8bA\xc7E\xa0\xeb\xc2\xd0sA\xe8\xbb\x10\xac\xb8\x00\xac:\x1e2\x8e\x85\x9c\xe3 \xeb\x18\xf8\uf703\xbf\xfe\x02\xb0\xb6\xf7\x91\x1a})\xad\x9b\xf2W\xe9\xdb\xce\xf8d\xab)\xd1=\xef\U000a5df6\xb8#\x1a\a\x9c\x85\x93\x9d\x19\x8f\xab}\xd0\x1c\x98;\xcd\xf0\xfd\x1a\xe7t\x1dse\xb8\x03\xfaAW\x82\x93\xcf\xc7F\xd8\xf9\x1bn\xde\x11\xe7<\xa8\u07e5\xba,\x9d\xc7\x02X\xd8\u0455\xfe;l:9\x9c\x8560O\x96\xcf(^k`\xb1t\xfb\xe6\xfd'\t\xc6b\x9aQ\xcdD8\xacw$\x14\xb2^\x82\xa3\xe60\x89\xd9\xfc\x05\x00\x00\xff\xff%=\xd4a@\x06\x00\x00"))

// TowelRack is the Lucide "towel-rack" icon.
var TowelRack = newIcon("towel-rack", []byte("\x1f\x8b\b\x00\x00\x00\x00\x00\x00\xff\uc531J\x03A\x14E_ A\u04e7\x8d\xb1\xcfB\xbe\"X)$L!\u068b\xad\xf8\x016\x16\x16\xfe\x80\"\xe9\x04\xc1-l\xa2\xc5\x12-#\x88\x8d~\x81\xb8\xad\xc2Blsd\x12e\xe7eF\t\xb2`\xa1\xb7\u065d\xcba\u07bd\xc5<\xf9eE\xfbg\xb1\xa7\u04fd\xa6\xa6\x16\x8f\tk|\xb4\xe0`\xa5\x8b/0 .\xe5\xdc:\xf0\xd6\x1fZ;q\xe7\xf6G\x80\u0279kxn\x88l\x02[*\xcfr\n\x83\xfc8\x82\x1d\xfb\xbd\x83\x9e\x0e\xbe\vY~\xfa\xbc=\x86s\xcd\x19`\xfaWM\xc6n\xec\x81\xe66&\xa5\x93\xaa\u021a\xae\xf7\xa4\xb9\x83\xa9\xbb*\xd2\xc8\x14w\xaf\xb9\ud259-\x89H\xbdkC\x1c\x1ac\xcc-\xc4~>\u04ed\xfb=\x02\\\xb0\xef?\xf7w\xb9\b\x18\xda\xf7\x95~\xcf\xf5\xdc\xe7Z\x00\x17\xbd\xc2\xe5\x1cs\xa5\xd6i\xc9<}?Ty\x84To,\xbbK\xa2Yn%\xbc\x89N~\u0295o\xe0A\u03fd\x82\x97\xa6\x17\xb0\xdcnWf\xacV\xa7\xe6aE\xe8=\x00\x00\xff\xff\x9c\xa1\u042f@\x06\x00\x00"))

// TowerControl is the Lucide "tower-control" icon.
var TowerControl = newIcon("tower-control", []byte("\x1f\x8b\b\x00\x00\x00\x00\x00\x00\xff\xec\u053dK#A\x18\xc7\xf1\xe7\xc8\x05.)\x8e\xcbq\xd7\xe5\xe5?\xb8\"\x81\x83\xbb2ur\u0172\x84\xbbp\xa5E\xfe\x02\x8bha\x95*\x8d\x96\x16\"\xc4r\x11\xb7\x10!\x82\x88\xa4\xb07U\x02\x16&DL\xe76\x1a0\xf9\xca\uc2b3\x9b\xb7\x05\xb1\xb0\xf0W\xed3\xf90/\u03d0\x91\x97&e\xacU\x8dT(\xcb8\x00N:\xcc\xfd\xc1M1\xcc\u015a\x8a5c\xe1\x1b\xb4\xc0\nW\xaf\xe2r\r\u02cd\xdd\xed\xdaV\x1f\xfa\u0797\x9bFN\xbb\x1eKr\xa5\xdd\xcd2w\xad\xdd\x1e\x8c\xd4\x1am\xb8\xb3\xecN\u01f6\xee\xe1B\x8d\x8c`W\xbb\xff@RDJ@\\\r|\x06\f\x11I\x03\x7f\xb5\xfb6\x86\x15\x11\xc9\x02?\xc4\xf7Q\x81\x87\x84\xef\xc0\xe7\xb0\xef\x9b\xe6y\xe2\x03h\xf9\x1b\xb3\x01NTD\x86\xb0\xaa\xea*\fD$\xea\xc0\xba\xdf\xfd\x04\xf2\"\u0482mU\xef\xc0\xa9\x88\u406c\xdf}\x18B\xdd\xfb\xfdD\xd5g\x9e\xaf{\xd3J\xa03mo=\xb7\xad\x03o\xfdv\xa0+*e \xe3\xee\x7f\xf2I$\xee\x9d'\t\x94\x82.1\x9e\x7f\x19\xe3/A\xf7k\u046d\xfd\x0e\xba\xc2\"W\b\xba\x8f\x87\\n\x02\xe5Z\xc54M\xb3R\xfb\al\xf58\x8a\xc8T\xbeFL@\u05c0\x19\xfd>\xadTf\xdd<\xf5\xee\u079a3`\xa2\xab\xc9\xd3_o6)\x87\xa6\xae\x8e\xb9]\xf4J\xa7\x8b\xbeg4V\f}\xa3\xe7\xe51\x00\x00\xff\xff\xb2G\xbe!@\x06\x00\x00"))

// ToyBrick is the Lucide "toy-brick" icon.
var ToyBrick = newIcon("toy-brick", []byte("\x1f\x8b\b\x00\x00\x00\x00\x00\x00\xffb\x18\x12\x80\xa7iu\x04n.\x02l\xf8\x0f\x05oJ\xd80\xb9p\xc0\xf4\xf7?\x1c\xac\xc1\xe0\"\x81\x9b\b\x89\x1f\xfc\x18\\\x04\x88\xff\xff\xff\x7f\b\b\xfc\xff\xff\xdf\x0f\x83\x8b\x00 \x010\x03\xa4\x00\x83\v\x03\x8c\xf8\xd51B\x95\x15|\xfa\xb8\n\u0262\x9e\x90\x90\x1e$\uea8f\x9f\n\xc0\xca\xf4\xfe\x13\x02\xfftA\xea\x82\t\xaa\xfb\x1f\x04R'\xfa\x8e\x90\xb2w\"`\x8b\u05e0\x87&\n@\u020e\xaa\x1bUG\vu\xdb\xff\xff?\x1e\x82\x13\x1c\xff\xff\x7f;X\x99>\xe1t\xaf\xcf@\\\xfe\bd *\x7f\xbc\x81\xe4\x0f\xed9stp\xfbCg\xce\x1cm\u0732\x83\x06\x00\x02\x00\x00\xff\xff\u01e1\xbe&@\x06\x00\x00"))

// Tractor is the Lucide "tractor" icon.
var Tractor = newIcon("tractor", []byte("\x1f\x8b\b\x00\x00\x00\x00\x00\x00\xff\u0712;LSQ\x18\xc7?c\x82`L\r\x8a\x8fA\x16\x16_\xd1\x01y4&&F'\x1dJ\x87\xabvq\xf0\x85\xc6\xc9\x1a\xa7\x0e\xea\xa8\xc2P4\x0e\x06_\x10\xa3\fW\x13T\x1c\xd04B\a\x9d\f\x8a\vu+\x1dL\xc0X$m\x93\x86\xf6g\xce}\xd0s\xb9\xad\xe9*\xdfr\xcf\xf9\xbe\xdf=\xff\xf3?\xdf'\xff]l{4v\xacj\xa13\u00ca(\xee\xb2\nk\xbc\xdc\xf0J\fN\x8bH\xc7L\xc9\f\xea\\\xaf\x0f\u02f7\x8a\u020cZ]\xd0\xc1 \xd0o\x18\xfd\x80a\x18\x830\xafDK\x8a\x1b\xf2(+@\xc4\x00D$\x04\x04D\xc4\x04f;js{\x80vY\xde\xd6\xe4\u0595\xe0d\x1d\x9c\xa4!V\x0f\x97\x80\xc7\xf5p\x0f\xe1cM\xee\xc5\xe4\xaf2pPDb\x90\xae\u02791}\xae\xfd2\x94\x1b\xabq\xad\xfe\xc6M\xbf{:\nt\xb5\x05D\x1a:[,l\xd3\x0f\xa0\xf4\xe6J\xe4\xf6\xa7\xac\xff\x8f|\xfa'\x85\x90\xe2^\x01\xd9\xfd\xd6/\x1b\x92~P\xc5w\x119\n\xbcot\xefp\x15H<\x19\x88?\x1f\x9f*T\xb8\x94\x88\xbc\x86\xb9\x96\xcae_B~\xa3\xb3\x0e\xb4\x05CgG\x80S\"ME\xb8\xa1\x99R\xed=\xa1\xbb\xbc\t\x19\x11\xe9\x06\xf6\xa9\xfd\x81\xe1\x8bV>\x05}:7\x02\xe3\xce\x185\xa8\xfd,\x1cR\u07f7\xf0L\xe7\xa6 \xfeO.\x9c\xcc\xe5\x92=k\vp\u0263;\xd4\xeb\xd1\xed\xb3\xad\x0e\x02\x87\xc5\xefc\xaf\xe3#\xac=\xdfVq\xdeeK\x85\xfb\x02K\xa3\xa6i\xceC6\x1a\xb5\x1a\xf4\xdb*\x1c\x01>4\xb9\xd8]\ud638\u0200\xb5\xe8\x16\xb7o\x9fw\xdb}\xbbG5.b\x15\x9bSj\x0e\u01aeE\xce?P2\xe5I\u04f4u\x17\xa2\xd1\x05\x85e\x9am\xad\x1d_\xb5C\x16\x8f\xdb\xc9e\x1f\xd7\xcflv/\xb5\xfeV\xd1\xcd&v\xbaI\xe7]\xeexFu{,1\xb7\xf4\xe7\xdb\xfd.-\x17\x9e\xc8-N\xf4\xc8\ua2bf\x01\x00\x00\xff\xffI\xd4\x01s@\x06\x00\x00"))

// TrafficCone is the Lucide "traffic-cone" icon.
var TrafficCone = newIcon("traffic-cone", []byte("\x1f\x8b\b\x00\x00\x00\x00\x00\x00\xff\x9c\x94]HSa\x18\xc7\xdfL\xdc<\xb4>\x86A\xd3\x19\x836)0\x83\xbc\x10\xc4+\x8b.\xea\xac\u023bV\x0e)\x89!^\x94\b\xd12\xb1\vo\x86\tva7Q\xb0\x8b\xecbF\x88\x98\xad\x15\x15\x82A\tB\x14\xb6\u0585]\xd8.\xc4\xc6V\x16g\x9d\xfd\xe3\xbc\xcfVG\xcfy\u03e0\xff\xc5\xde\xe7y\xde\u07fb\xe7y\u078f\xc3\xfe[.Yv\x95\xa7\x9c\x0f\n\x80:\xe1,\x83I\x8b\xe0Z\xac\xb6\xe6\x06Q\u05005\xf7\x19x\xe3v\xbf\x05\x92\x96\xd8~\x00\xa7\x18;\r\xc0k\xc5]\x02~I\x8c9\x14\xa0\u05ca\x9b\x05\x12\xda\xf8\x02\x98\xb6\xc0\xaa\xf3\xc0\xdd\xc6z\u03c1{\x80b\x13sW\xa0S\xbf\x98\x8b\xe9\xb9\t1\x97\x02T\x82T`I\x88y\x01\x9ci\xf2\x9f\r\x9ch:\a\xc0#\xe2z\x81\xfc\x0e2\x9d*\x10\x12q\xd3\xc0\\\xc9~\r<\x12`\xf6\x9f@\xb8\xe4\f\x02?\xaa\x84iq\xbb\u016e\x99\xb6\xd6;\x10&~B\x9d\xae,%\xd3\x05n\u0398sIl\xd2\aS\xcc\x03@\x87\xa6\x00\xb8\u0378\x10\xa0:\xeb\x837c\xf1\xa7\x93#\x9d\x9e\xdd\x05\xa0\xdbHUu\xe7\x80w\xfa\xc8{ {~S\u02fb\xc2_\xb5\\\x8f\rm\xad\x84w\xea*\xbb\x95\xa3\x9a\xae\xeb\xb9\x1b\x14\u02ce\xee\xe5\xaet5\xfe\x9b\a2@\xee\xe2\xdfKg\v}\a\xb2|\"?\xdboc[_\u04b2\xf81_\x06\xc0Z\xecZ\xd0/w\rLr\xc7w\xfc9\xcd>\xdbrD\x1b\x94\xe8!\xc6\xd8\xe1\xe5\x8d\xdb\xf7\xa5\x991\xd6|\x9fgk\x0fj\xbfc\xdby.\xc7\xf0\xda?\xea\u06f0\x83\x82c\x9a\xd7\xd9\xc0/f&R\u02c3\xf6\x93\xa3\x89\x8f\xe9\xf4\xa7\u0108\x9f*\xad\x8dd\xf8a\xfa\xd8e:K%z\u0438\xa9\x8dQ\x85O\x16\xb4\xb7\xb2\xaf\xebU\xb1\x95\xa3\x1b\xa9\xf6\x19\xfa\x8b\xb9\v\r\xc5HK\x8c\x9e\xc5B\xa0\xb2\x04U\x06\x16\xe8\xfa<l\u056f\xf5\x8e\xaf\xf3\xf0r\xdf6^|\x1f\xf5\xbe>n\xf8|\xd4\f\xadR\x9f\x91\xba:*\x1e\xabC5\u019a\x19\x93zR\xfa\xedK\xf5Hf\x94\xa6\x8a\x8e\xf9\x125\xdfQ!\xa2\xb8\u06a6T@\x9dj\xb3\x84\xb8\\\xb2\xbc\xa7<%\u049f\x00\x00\x00\xff\xff\x8ewY:@\x06\x00\x00"))

// TrainFront is the Lucide "train-front" icon.
var TrainFront = newIcon("train-front", []byte("\x1f\x8b\b\x00\x00\x00\x00\x00\x00\xff\x9c\xd4MHT_\x18\xc7\xf1\xc7\xc1\xc5\x7f\x94\xff\xf8\x96\x96 \x97\xc0\xa0M\x04A\xa4\x90\xe4*2B\x90\x92\x1a\xb0\xc20\xa4]\x11\x15-\xa2Z\xb8(\x89\x1b\xb4p\xe1&\x17\xf62\xd1>\x90\xa2\xc8\x18\xed\x1a\x04\xf9B\xe6\xac\x02C\x84\f\x86\x98q\xe1\x9do\x9c;/\xe7\xdesg\fzVs~\xf3\xb9\xe7<\x9c{\xee\x91\x7f-\xab\xbb\xaf\xaf\xdb\xda\xdeD\x8eO\xae\xe3\xd5\xfadOUEvg\r_\xad\xdd.\xaf\x9a^c\xd4TS\x19\u059eR\x7f}\xbf\xd7\xd3Z]\xdd\xda3\xba\xaaF\u02fb\xc3\xed\xff\U00026214Z\xf5\x86\xabm\x06\xab]\xc8/\xa5\x93\xfcx\xbe6\xe8\x1e\x01I\xd3\xcd\x02v\x80\xedwa\xe6\x8c\xe9\xe2\x0e\xb8\xfb\xfc\xee\x05d\xdb\xfbM\xd7\u07fe\tO}l\x97\v\x0f\xe4\x94\xdfU\x01'\u0146\xad\x16\xed.\x81\xdb&\u01c0\u048e5\x03G\xc5\xca\xc1E\xed\x9e\xc1\a\x11\v\x18(F\xe7\x80V\x91$<\xd1n\tFEd\x11\xbe\xd5\x14\xf6)\x05\xf3\"j\xe1\x05\xed2\xf9\u0647\x807^;-o\x81\v\"2\fi\xedrpZ\xbd\x83\xf7\xc0\xc6\xd8\xe0\xe0\xd8\x06\xf0N\x1d\x988\xb8\xc1=\xf0\xa6Y\u0487`\xb1Y%\xe1\xbd\xf2~4$\x8a,\xd1 \xdb8\x91\x8e\xf1\x95lve\xfcPaX\xd1\x19U\xd6Y\xbdQ\x9dE{\xad\n\xceJ\xe3\xd4\x15\xa3z\x87\xb4e\xba-\x88\x8b\xf4\xaa\xa3\x14\xcb'\xb19\xe0\x84\xf7Z2\xda}\x85\xbb\"QG\x9f\xb7\x87\xc0\xc7\xffDF\xe0\x8bv\xcf\xe1\x95Zk\xae\xe4l\x98U=L\xc1K\xed\xaeA\xee\x80Z\u0376\v\r\xd6\u0676\xea\xe0 p]\xbb\xc6_0S\x1b\u0795\xff\x1d\xf8\x19\xf3\x057\x81\xe9F\x93\xedT\xa7\xe1\x96?\x89~\x06\xd2\xf7\xbbv\xe8\xa8\xfe\xc8\xc8o\xf5tM\xe0\xd1\x06\u01fc\f\xf2\xf5)f\xb6\x92\u0205\x95;Q\xe6\xe68\x1fvg\xc3JjR\x90\x1d\xe8/\xd5\xd0&,G\xc3N\xdd\bW\xfd\xc1\x8d\xd0m\xa0\xaa+\a\xd3\x11\x7f\x12I\x82{\xd8t\x13\x90\xd9\x13\x8c\xf6f\xe1\xb1\xe9\x86\u1c99]\t|\xe4\x85\xea\xec\b\xf7\xdc\xd9\x19\xce\xfeR\x7f\x02\x00\x00\xff\xff/V\x0fv@\x06\x00\x00"))

// TrainFrontTunnel is the Lucide "train-front-tunnel" icon.
var TrainFrontTunnel = newIcon("train-front-tunnel", []byte("\x1f\x8b\b\x00\x00\x00\x00\x00\x00\xff\xb4\xd4\xcdK\xace\x18\xc7\xf1\xdfx\xe6\u0631\u0559\x99sNB8\xa1\x98\xba,\x14\xe9\xc5(bH\x13\xb4I\x8c\x886a\x93:\u0562Z\xb8\b\x14\x1b$\u0684\x84\xf4\a(%C\x98\x8ah\x94\xb6)%Z\xa9\x83\xed,(\x94^\xd0r\x12l|\x99y\xbeq\xdf\xcfL\xf3\xaa\x8b\xe0\\\x9b\xb9\xae\xeb\xf9<\xdcs\xdd\xf7\u0363\xff\x19\xd5-\xa1p8\xd4R}%\xaa\x1f\xdd8\xc5F\xea\xdb\xd1\xfa\xcbT\xc7*\x85\xe1|\xf5x%U\xbb@Y,\xdcW\u019e\xfd\xd3<8[\x8c\xb6\xdf\xf2zo\xb5G\x17\xcfL}\xd8U\xc2\xdeH\x03\xc9q\x7f\xbe\xe3\x1fO\x02\xe9h\x11\x1b2/\xcf\x06\x8a\xdf\r\xc4M\xf7\u0542Nw\x06.\"6m\x88L\xc5\xe3S\x91\x06[\f\xa6!\x9d_\xfa\xfeC\xb8x\xcedoo\xe5F\xd8~\xcb\xd4\xe14\xfcQ\x9bs\xf3\xc0\xa0$\xdfV\u1c1b7%\r\x03sY\xf6$\x10\x97\x14\xdc5\x8f3\x9bKK\x9b\x19\x93\xed\xd6I\xfa\fx\xc2u\xab\xf0\xd7m)\xf0\xa3y\x98\xb0#\xfb\x13\x16\xfa\xa4;G\xf0\x85eM\x0e\x8ceW\x87\xcf\xddw\xe7laV\x8c\x81\xd3hZcp\ua4fa\x80=\xf8\xc1u;\xb6 $\xf9\xcf\xe0]\xd3\xfa\x1e\x96%\xad\xc3A\x14\x18\xb6\xdb\x0e\f\x1d\xc07\x92\xbe\x84\rI\xdesx]\xaa\a\u07a9\xd9\a\xe6\a\x06\xccQ\xef\xdf\x18\x01\xe7\x01\xe9M8\xbf&\xb5\x00\x8fH\x11H\xdfTg:\xb7+\x17\x9d\xf2e\xe0\x15\xa9\x03h\x94B\x80O\xfa\b\xb6$\xf5\x1c\xb9,\xd9+)\x01\x93R\x00xZ\n\x03^i\x16\x96\xcc?\xbb\x13\xdbN\xa5\xb6\u07fbm\xf2e\xf8D\xaa\x06z\xa5~\xc0\u0748\xb9\u04bb\x96\xed\x01\xfdw\u06f5\xce\f\x19\xf1\xdaL\xdb\xd5n\u03de\xfac\xf0\xdb%n\x16V\xfes\x8f\xban\xc5\xce[\xec>\x80_=R\xeb\xf4\xa0]w\xbaM\xf2\xfc\x0e\xef\x97:s\r^*\x1e\xe3e\xe0\x99Rw\xed\x178z\xa8\x90=\x9c\x84\x9f\xabJ\x9d^\x04Nb\xcd\xd7]t\xbd9v\x02\xbc\xa02\xa7\x8f\u02ff\aS\xaa\xe0<\x13N\xb1r&<\x95\x9c\x14/v\x9ff\u06e5\xee)\a\x12\xe1~\x1b\xcf\xef@\xa6\xa3\xa2\xbb\xf7'\xf8\xa717ms\nvk*\xb9Is\xf3\xf3\xdb2\x02|X\xe0\xfa\xc0\xb1e\n\u05ab\xf2\xae\xea;H\xd9\u0301>\xa9\xee\x98U[~\xcd\xf1\x83\x85\xfb\xdct\u031aM\xd6\xf8\xdb|\x19\x82=\xee\u07f8\xd1\x1d,>\xb7`\xf7=\xf6\xb7\xa6'Xz3/\x8f\x7f\x03\x00\x00\xff\xff\xf0\xd2v{@\x06\x00\x00"))

// TrainTrack is the Lucide "train-track" icon.
var TrainTrack = newIcon("train-track", []byte("\x1f\x8b\b\x00\x00\x00\x00\x00\x00\xff\xec\u03f1m\xc4 \x18\xc5qJ\u0731\xc01\t\x1b\x1c7\x13\xe5\x95^\x88\t\xb8\x01\xces`,\x97/\x02\x82\x12\xc5\xe8{\x91\xd2\xe6\xd5\x7f\xc4\xf7S\x7f\x9a},JY\xbf\xb0,#\x19\x97\x11I\xf7\x00\xf0.\xc0A\xba%\xa1-\xb0\xfb\u033bf\xabx[%\xb8R\xbb\x97\x11\xb2F\xd8\xfb\xbfB8\bX_b8\bOe\xe4\xf0\x8b0\xc2pF-\x12z\xb8\x02\xf02\xa1\x85\x00\xf2\x8d\x10zX\x1c%\xd4O\xb1\x19Fx\xf6\x97IsB\xd9\x00\xdc)aw&!\xdb\xdf\x10\xf4\xdd\xfe\x13\xa6\x846N\x18\x0eFh\xf3\x9c\xd0\x1d\xf1\b\x8c\xf0\r#\x12.\xe1\x9cp\r\xe7\x84Y8#\xfc\x18!\x8c\x05F\xf8\xdcI\t}\x11\x99\x11\u06b4\xbfQ\x02\xdfG\x00\x00\x00\xff\xff\x829f\xa0@\x06\x00\x00"))

// TramFront is the Lucide "tram-front" icon.
var TramFront = newIcon("tram-front", []byte("\x1f\x8b\b\x00\x00\x00\x00\x00\x00\xff\xe4\xd4?K\xc3@\x18\xc7\xf1\u0431Kq\xea\u0435\xe8\vP0\xfe\x9b\xfa\x06\x14\xd2M7[\x17K\xc5\xc1M|\x03\xc5\xc1I'\u06c3nY\xfa\x1a\x04\x03\n\x9d\u014eV\x8a\xd4MQ\xac\x98\xaf\x8b\xc9\xdd\xe5.QDq\xf07\xdd\xf3\xe3C\xaf\x0f\tq\xfe6\x85\x86\xf0?\xd2\x1b\fz\xd1Y4\n\x1a\xab\u0713\x92qEa\u04cfi\f\x1e\xca\xd2\t \x88\xee\x1a\xc20:\a@[\xba1\x1c\u01c3\x0f~<\x9c\xc0\x9dt@\xd5\xee\xaa\x10j\u03b3;\x0f\xf8\u05ee\xe5E\t \x88\x87V\xd2e\xe4W\x9d\xdcCK\u01be?\xe7jbNv\xb3b+\xc5-\xc2Hv7\xb0bw\v_tN\xad\xa3\xde\u06e9\x7f{\x8fWX\xb7\xbb\r\x98\xc8\xe9\x1a.J6V\xba\x84+9\x1ed=\xb6}\xe9\xf2\xfdt\xd6\xcf+\xbf?\xd5\r\xed*\xec\xea\x1f\"\xa7\xb86\x82\x97\xed\xf8\x05\xf5\x9a\x13\xb8]-\x1a\x7f\xf9\b\xd8U\x8b=\xe0\xd0`\xcb!\x9c\xe5\xd4&w\x0eoKI\u05c6\xa7\xb2^\xcd<\xc3i\xd2\u0561\x99\xecv`\u04f8\u061d7*\xc7u\xcd\ue4fc\a\x00\x00\xff\xff\x95\n\xd6\xc9@\x06\x00\x00"))

// Transgender is the Lucide "transgender" icon.
var Transgender = newIcon("transgender", []byte("\x1f\x8b\b\x00\x00\x00\x00\x00\x00\xff\xa4\xd21k\"A\x14\a\xf0\xc7^\xa3\xcb\x15[X\xdbxpW\x1d\xa7 \xa7\xc7\"G0\x95b\x11\xa6\xda:\xe6\x13$\xb6V\x89 h>C\xd2)\x82I\x9d\xfd\x00\xc2~\x01\x1b\xab\x04\x82\x01\x13\x10\x8d\x82\xc5?\xcc\xee>\x15\x9c\xdd\f\xe45\xbeq~\xcc\xcc\xfb+iW\xb1\xe5\b!DN\xb5%7\x84sU\x90=\xc2\x12\a\uc337P jq\xdf9p\xb7[wI\xe4\x84\xed\xe4\u05c1\xcb?\xb2s\x88\x84\xdfx\x96\xfa\xf1\x96\xc7o\n\x9c\x0f\xd3\u0564\x9a\xb1\xf3|h\xcf\xe1*\x98\xb7s\xfez\xbc\x00\x96\nf\x05.\aL\xb6\xe77\x15\x8c\xc2\xccN:?\x89\xac\xb1d\xd7*FO\xc0_\xfe\xd2^\xf00F\xb6V\xcb\x1a{\x8c\xf27uf\xe9y8\xf5\x8f\xeeL~\u03ba\x19O\x95VU^*w6\x9c\xecF\x19j\xd2]6\xb7\xc3pEeO\x19y\xc8\xd06M\xfbN\x9e\x98\x89`\xd4\x05\xd0\v\xda\x1e\x80v\x04\xfb\xf6\x06\fyq\x0f\xbc\x1aj\xf7\a\x80\u034b\xff\x00~\xab]\r\x80\xc9\v\x13@\xf5kN\xf7^\xdd9\xfc\\\u0383\xf6\"&\x17J\xbd\u021cK\xe6\xf7\x92\xccy\x9a\x8art\xbc\xde\xfdj\xebr$#*O\x99=\x1f\xc50\xa2T;\xf8_\xb5\xa3/\r\xcbp\x017j\xd2\xfd\x1a\x00\x03\r\xa6\xe7\x12\x151\x02F\xa2\x92\x88w.\xcf\xfb\x10\xef\xde\xd9-\xe3]c\x15\xb0U\xe3\xd3'\xea\xce\xdb\a\xfa:\xae\x0e\x9c\xea8\xfaW\xd4b\xea\xfa\b\x00\x00\xff\xff\x19\u0296\xc1@\x06\x00\x00"))

// Trash is the Lucide "trash" icon.
var Trash = newIcon("trash", []byte("\x1f\x8b\b\x00\x00\x00\x00\x00\x00\xff\uc53bm\x800\x18\x06q\xe5\x0e&A\x94!K@\u3868\xcc\"\xff\n\xd4\xd0\xd0\xc1\x00L\xe1\xf2\xa2\x80\xc2\xc3\xd8DI\xcdUX\x9c\xfc\xc9\xcd%\xffB\x15\xb5Y\xa9\v\xf5\xa0}\xce\xec\xcce\\s\x9cp1Q\xcd\\\x98\"\xd3\x05\xd0\xe8\xed[7@\x1e\xf6j@\xff\x1c4P\x85=\x03\x1c'\xc0\\\xffg\xad\u0238t2\x00\xb2\x03\f\xd2-\xa3H\x9bn\x9e\xe5\x17\xec\u07fc\xccJ\xbfN~\x8f\ufb13@/6\x8d<!\xfe\x98\xd7{\xbd\u05cb{\x97d\x1c\xdc\xe2qN\xd0I\xbb\xc5\xc8OZ4n\xa5\vk\xee\xc3\xdb(\xa7\xe0m\xbe\x96$*\xaf\x8cG\x95?\xc5<\xccW\x00\x00\x00\xff\xff(\xe1\xc1\x95@\x06\x00\x00"))

// Trash2 is the Lucide "trash-2" icon.
var Trash2 = newIcon("trash-2", []byte("\x1f\x8b\b\x00\x00\x00\x00\x00\x00\xff\xec\x941n\xf2@\x10F\xc7\xd5\xfe4p\x02\xc4\t,\x97\xbfs\x06\xa4\xb5\x84|\x96\xe4\nT\xe6\"{\x82X\xd4\xd0\xd0\xe1\x03p\x84DB\xdb\xf1\"l\xc5\xd8\xcb\xeeF\x89\x12\xa5\xc9k\xec\xd1<\xed\xa7i>\xf9\x12IV\x94-E\x96D\xb4\x87\x86\x9e&\x0fk\x96\x016$&\r#\x8e\x81\xe8\fX\xab\xee_\xad\x81\xd4\xef\x15\x80z\x1f\x14\xa0\xfd^\t\xdc&\xa0\x1c\xefg\x1bc\x0e\xa7\xad\xd9\x03\xa6\a\u061b\xed\xe9`\xccf\xday\x15\x1fP}\u039bUf\xd7F^\xc3{\xdaH`g\xaai\xe0\x84\xf01\xbf\xeeM\xf4\xe2\xfaY\xe8I\u072by\x99\x8b\xcc_y\x8e{\x17X\x89\xac\xe0\x12\xf7\xba\x853\xfey\xdf\xeeYX\x8a,\xc1\u01bd\xa7s\xadD\xfe\xd5\xe7\u01f8\xe7\xf0\xd3\u07a82n\u0715\u01f0\x82\x06\xda]\x19\xb9\x95\x16,\xb7\xdc\xfa5\xfb\xdf\xc9\u020f\xde\xd7\\M$Iu\xe9\xa0\xd3X\x99\xfby\v\x00\x00\xff\xffa\xdc)\xc2@\x06\x00\x00"))

// TreeDeciduous is the Lucide "tree-deciduous" icon.
var TreeDeciduous = newIcon("tree-deciduous", []byte("\x1f\x8b\b\x00\x00\x00\x00\x00\x00\xff\u0312\xcb\xeb\x12Q\x1c\xc5g~\x81\xbd4S\x1b\x85(\xdaD\x9b\x8cZD\xa0=VA\xcbB&jaDQ\xfd\t-\xfd\a\xa2\bZ(-\xacE\x86\x99A$\xe1H\x04\xe6B\x97\x91\x11f\x05\x11\xb8\bz\xd0\x03me\x9f\x18\xa7\x9c\x99{\xaf\x93\xed:\x9b\x99s\xf8\fs\xbe\xf7~\xb5\xffE\xe9B\xa5R\xd8\xf97*^e\xa6j,\x10\x8b\xf5\xf9\xadg\x1b\x83\xb8\xbb\xc0\u0632\xc6\xc0\x9d\x00l\x17\xd014\xcd\xe8\x00\v;\xee)ta\x9c\xb4_S\x13xrQInk\xcezY\x8e\xb3f\xa6\xb1E\xc2v\x7fp\xfa_u\xec5\u01fdO\vX|\x04|o\u07bb\x9ep\xbcQn<\xb6\xa7y'\x8c}\x05\xb8\x19\x15\xbe\xbd\x05\\\xf2E\xab\xbf\xc0C\xa9\x8b\u0782\xcf!o\x92\x01\xf6\u0273e\xc5\xf8\x04LW\xc9\\\xe8'\x1c\xf7\x06\u01c0\xa8\xccE\x81\xa3\xde`\a\x90\x97\xb9<\xb0\u0757\fa\x14\x11\xb1\xf0\b^\xfa\x12\xe3\rp@\xe4\x0e\x01\x03\u07c2=\x00\x9e\xae\x11\xb9\xb5\xf6\x96\xdd\xf6\x04\a\x81\xd6:\xb9_\xb8\r\xecu\xfd\r\xf8\xa4\\`\xe3\x1b\x14]\xfbv~\xff\xa2J0p\xdd\x14N\xaa\xb9\xb30\x99\x9b\x95@\xee\x87\uffd7\xd5\\\x11\x86\xae+\xc3\u01c4\nK}\x85\x92k\xf7\x03\x8f\xd6\xcbX\xa4-,\xcc}\xe0\u0569M\xba\x17\u0493\xa7\xed[\xaaz\xb3\xc4k\x16\xe8\xc5\x06\x7f\x91\xae\x1ak\x8b\xb5W.<\x97\xa9\xfe\x19]1\xdc\xd6#9\xd34\xcd\x1e\xf4\xecg\xee\xf0f\xe5Q\xfdQ\x1d\xea\x81\xc0?r5\xa8-\u00dd\x87s\xcbpZ6\xb3\x14\xa6\u05af\x00\x00\x00\xff\xff\xd6\x0e:\xdd@\x06\x00\x00"))

// TreePalm is the Lucide "tree-palm" icon.
var TreePalm = newIcon("tree-palm", []byte("\x1f\x8b\b\x00\x00\x00\x00\x00\x00\xff\xc4\xd3=h\x13a\x1c\xc7\xf1\x7fbkS\u06e1\x8aVh\x11\u0169\x16,R_\x90\xda\nJ\x1b\xb0\r\b\xf5\u0522\x9b\xa4Y\xd4P\x1c\xb2X\fv\x10\xe9T\xc1\x80t2\x8bU\b\xd2A\x104B\x06\xa1Dk\x06_PJ]\xa4X\xeb\xa0\xc6\xd8\x10%\xbd\xaf<\xf7\x92\xc4\xf4r\xab\xbf\xe5\xfe\x97\xe7\x93\xff=\xcfs\xcf\xc9\x7f\x8e\xb7/49\x13\xbb\u0435\xc1U5\x85\x171\xf35\\_\x9b\x1d\\\xa6\x9c\x8f\xfd\xb5\xd8\xc9U5\x9e\xcd\u0326\v\xaa(\xf8\x9dY\xef\x1a\x90\x1a\xf4\x88H\xfd@\x1a\xc8\x1fsb\xf5\xef@\x8f\xd8w\x9e0\xb0P\xd7p\xe2\xda\u0759\xc9P\x9f\xb7\xec\xae\x00\x17+\xfe7\x06<\xfeaMv\xe1R\x93\xfd{\x06\x9eoN\xaeFKp\x9e\xca|\xdeomI\x11b/\x81)M\u04c2\xd1\xf1\xe1\xf6\xd3\xc6\xf8\u0293\xd9LV\x15\xbf\x02\x86;Ju\xde\x00\xe9\x1ec\xb2\x83)\xa0xD\u0541uN\xe5\x8e=\x89\x88\x0e\xaf\xebD\u0117\xd4A\x7f6R\xf8\xb7gi\xb6\x97\x81\xb1\u049d7\t\xe8\x89s\xad\xcd[\xcf\u0329\xb2Am\xec\xd2R\xafx\xe6\xe0E\xc9M\xa8\x17fno\xe7\x8ajx]\u04c29\xc8\x05\xb5\x18\xfci\xb4_\x89\x0e\xef[*XUz-\x97\x80\u071e2\xfbR\xed\x86L\xb6\xe57\\-\xb3\xf8\xa89\x9a\x8fF\xf3\xea\xaa'}\xa6\v\xc1Z\xbb*:T\xa7\xb8w'\xe0t\xbanZK\xeaX6\x98\xc8w\x888\xb8ixT\xc9$\x05\xf7\x1d\xdc\x03xX\xc9d\n>8\xb8\t\xf8d\xb1\xba[\xf3\xa7DF\u19c3\xeb\a\u039a\xdd\xfc\xf0Md\x18\u0638\xdem\u029b\x1b\x11\xf7\xca\x00\xd0l\x1c\xa26\x87\x86\xe36\x93}\xc0n\xe9\x04\xba\x1c\x9c\xfaF\xcc%\xb4\x01\x87e;\xe0\xf81\x1d\xc8Z+\xdd\x01\xf4\xc8.\xe0\x90\x93\x93m{\xcd\xebq\xa0U\xba\x8d\xa7\xbb%\bY\x11?\xd0\xe2\xea\xee\xc1+\x91\xf3P\xf4\xb8\xb1\xc6\x1c\xdc\x10\xb9\r\x8b\xae\xed4\xa0[\xe4-L\xbb\xbaD\xe9h\x8e\xb8\xba\xbc\xcd\xf4VW\x97\xb4\xddSW&\xbe\x80fd\xc8\xe7\xeej\xe6o\x00\x00\x00\xff\xff\"\x9dRq@\x06\x00\x00"))

// TreePine is the Lucide "tree-pine" icon.
var TreePine = newIcon("tree-pine", []byte("\x1f\x8b\b\x00\x00\x00\x00\x00\x00\xff\u0313=h\x14A\x00\x857\x17#\xa8!\x17\x10\x14Drr \xca\x15\x16\xfe \x1eB\n\x05\x9b\xa0\x04cgiTp\x11\x11\v\x11\x8b\x14A\xe4\xd0]\xed,B\n\r\x1abJ\t\b6\xa2x]\x1a\xedTD\xd4\x14\x9aB.\xc9\xdd\xde\xdf~2;\xbb\xb732\xb7\xb7X\xf9\xaa\xf7\xde|;;3;k\xfd7\u02ban6\x05\xb6\xad\fo\xb7\xf6\xc46\xbf\x04X\x1a\xe8\x81e\x9e\x13h>\x93\xcc\xcd\x00\x1f?\x03\x8f\x12\xb1\x12\xf0-\x97\xff\x01\xdcI\xc0n\x02?\xf7[Va\x15\xb8\xd1\x15\xbb\x04T\x0e\twd\r\x98\uc0b9>\xd4F\xa5?\xe1\x81\xef\x1a\xb1s@s,Jg\x9a\xc0Y\x137+\xf6\xe0\f\u0250u\xbe\x033&\xeeApp\xf7ep\x82\xe0\x98\xb8B]\x19r\x85\xf7\n\xc6\x05.\x01\uf1e5\x1f\xfe\x00\xbc0bw\x81/\xbb\xa2\xb4\xfb+0m\xc0\xae\x893\xde\x1b\xe7}\xbf\x00\xfbo\xaa\x7f\u0287\xb5\xc3jut\x1d\xfc\xa9~\x9d\x13\ubb9f\u053bS\x8dx\xff\xa1\x06<\xe0YN\xe7r\xf3@m\x93Z\r\x06\xc7U\x19Q\xbb\x91JP\x0ej\u03fe\t\xba1\xb5:\x1dT\xaf\xf5w\xe47\x80\xe5-J\xb3\xf3\x8a\x0fl\xec\u0479\x87\xc0\xa7\x1dQ\xca\x14\xa7\x97}\xf9\x03\xdc\xd30qAW\xf2\xd2o?\xfft\x95X\xcau\xed\xbb\n\xfc> \xec\xc1\xdb\xef\xdah\xf2\xed\xbe\x88{\"\xbe\xf9\xa8541\xbb\x82A\x8fC\xec8\u043eu\xfdU\xb5\xd5j5\xbcP\xd5u)\xb1\u0322\xe4.\x9b&Qu1\x9e/Q\xe1|\xd6\\26\xd7\xd9\xf0x\u025e\xe8\xa8\f\xe58\u0665q\u02ecEX\xec2\xf4O\xdc\x02,\xa4\xe1&\xe1B\x1a\xce*\x1eK\x85\x99\xf5'\x00\x00\xff\xff\xbe\x97\t\xcc@\x06\x00\x00"))

// Trees is the Lucide "trees" icon.
var Trees = newIcon("trees", []byte("\x1f\x8b\b\x00\x00\x00\x00\x00\x00\xff\u0312=h\x14A\x14\xc7\xe7V\x89J\u0100\x1eB\xc0\x8f\"\x88_\xa8\xe0\xe50\xe4\b\xb1\x11E0b\xb2\x85\x1f(\n\x125XX(\x88\xa2\x88\b\xd7HD\x1b\x1b\x91$\"\xb1\x12l\xc4 Z\xa9 \bbc\x15\x15q\x0f#\xa89\x85\x9c&\xb9\u06df\xec\xce\xce\xed\xec\xeep\xe7u\xf9W\xff\xf7\xf67o\xde{\xb3b\x0e\xa9}\xb8\xff\x7f\xb0\xeco\xb8P\x1f\xdb\xf8\x03\xe0T=l\x99\xe3a\xb8\a\xeap=\xc0\x93\x19\x98\xd9Y\x9b[\xfa\x91\xfb\xd6!\x17\xa6r\xb5\xc1\x05\xab\x85\x10\x03@q\x8b\xe1k\xfb\x90S.>;l\xa9\xf820\xb1&N\xa5\xf2\xae\xdf=/\xd2*u\x13\x98\xdc\x1d\xe3\xf2(\xbd[\xa8\x8e\x0e{W\xb7D\xb0\xad^\u06c3\a\u03cd\x03\u05c2\\f\xb4\f\xec\x88pC0\x95\x11B,~\r\xc5&\x99+\xf8\xe5\xb7E\xb8\x02\f\xfa&\at\u029c\xbf\xee7\x96F5?\x04\xe4\xfa\x9b\x80\x0fr\x1d\u06e7\x81#\xfa\xacc\xde\u024e\xb0\xca\xf76\xdf\xda\x15(u\x86\xdcq\xe0\xebI\xb5\xc6W\xc0\x98\xf4'\x80\x9f\x1b\xaa\xdc{\x18_\x1eV\xbf\v\xac\x97\xfe\nPP\xcf\xdc\n\xec\xd7\xdaXR\x82\x81\xc0\xdf\x06\xca]\xc1M@\x9b>\xfc[\xc8\a6\xf7\tx \xfdZ\xa0[\u00ecop1\xec\x1c\x1e\xcb`\xfe$<\u04b8c@\xd0\u04c8\u03dd\x0e>\xdc\x02F\xd7\x05\vM\x9f\xfd\v\x9f\xe7\xc9 [\x02\x9e\xabU\xa7'\x88i\xaf\xaa\xdd3\v\x7f\xbaT\x94\x89\x82\x953a\x13G#\xbfk\xeb\x9d\xe9\x10{\xa9\x0f%\xce{\x8f\xb0\xb9\x1a6w\xf7\xda\xc0\xf5\xbe]+DT7\xbc\x15\xee\xd33\x80-\x12J\xdd\x03\xbe\x98\xb8\xac\x13\x9f\vZ\f\xdcH\x12sR\x06\xae?\x81\xcd\xf6\x19\xfb\xeb\xf0&\xb2\xab\xbatu\x930\xcfa\x9e\xa8Q\u0385\u07b83\xe9)\xbfV\u019dI\x8b\xf6\xacJ\xb8\xc6\xf5/\x00\x00\xff\xff\xd4\xc6\xf9\x86@\x06\x00\x00"))

// TrendingDown is the Lucide "trending-down" icon.
var TrendingDown = newIcon("trending-down", []byte("\x1f\x8b\b\x00\x00\x00\x00\x00\x00\xffb\x18\x05\x83\vp\xee\xf9^O\x8c:\x9f\xff\xff\xff\xb7\x13\xa1N\xee\x13\xa6B\x9d\n\x1dL\x856\x9f\xd1\x15\xda|\xfe\xff\u0646\xb0B0\x9f\xb0B0\x8f\xb0B0\xfb\x18\xb2BN?yL\x85`V3C;\x92\xc2\xdd\xff?\u02a2+\x84*c@V\xf8\xef\xff\xff 4\xab\xe1\u0290\x15\xfe\xff\xff?\x04\u034d\xbf\xe0\u0290\x14\xa2\xaa\x83\xf9\xb3\x19.\x00S\x88\xa6\x8e\x01\xc9R\x14\x85\xe8\xea\x18l\xde\xffo@\x11\x80(\xc4P\xc7\xc0+\x85\x16\xb0`\x85\x98\xea0A;\xd8\xcd\xf8\xd4qx\x87\x80\xc0zB\xea\xf6\xfcG\x02\x19\xb8\xd5}CV\u05c8[]\xd9w\x84\xb2w\x02\x84\xfc1\n\xe8\f\x00\x01\x00\x00\xff\xffkJ\te@\x06\x00\x00"))

// TrendingUp is the Lucide "trending-up" icon.
var TrendingUp = newIcon("trending-up", []byte("\x1f\x8b\b\x00\x00\x00\x00\x00\x00\xff\xec\xcf1\n\xc2@\x10\x85\xe1\xe9$\x85`-\x98\v\xe4\n{\x03\xb5\x91\x1c\xc2\x1b\xa4\x14\xb1\xc8q<\x80\xa9=\x8e\xa2\xa2\x82\x85#\x19\xe38;\xb3K,\r\u4bd2\xf0\x85}\v}\u0768\xb8#w\x18\xc5\xdd\rE\ube2b\xa4[\xc6\xdd`\x9a\xd7m\xc9\xe5m+K\f\xb9\xe18\xc0.\u01b9\xa3\x1aL\xcci\xe7\xea?7\x86\x81r\xc4$l\x98r\xc4\x1e\x02~\x98\uf215\xe2hf\x9e{3\xb1\xf1\xcb\xe0\x89\xb8P\x8c\xa1`\xb0\xc3\xd3D\xb3\xe6y/\x18$\xf3\xd42\xbe73\xd0\u06fc\xf7vF_,K\u03da\x01dE\xa6\x19\xcc,\v\x96T\xd7\xd5\x0f\xac\xef\xbfz\x05\x00\x00\xff\xff\xa3Y-\xd3@\x06\x00\x00"))

// TrendingUpDown is the Lucide "trending-up-down" icon.
var TrendingUpDown = newIcon("trending-up-down", []byte("\x1f\x8b\b\x00\x00\x00\x00\x00\x00\xff\xcc\xd4?\x0e\x820\x14\x06\xf0\xae,\xd8\v\xc8!d\xe5\bz\v\xcf\xe1\xe2\xce%X\x19pb\xf1\x00\u0186\v\xe0\xc8`\x18t\xc08?c\xf9#\xf6\xb5}o1\xf1[\xf9\xd16i\xdf'\xfe-q\x96\xeb\x14\x97j\xe9s\rL\xa9\x98\xae&\xf7=\xdc\u07ee\xa0\xce(\x95^/\xe7\xb0\x1b\xe94;\x15\x94\xeb\xd9\"\xc7.\xda\x04\x88\t\xec\x92\x0e\xce\xd2d\xd8%\x0f\x00P\xd2`\"\x03\xc8\x10\x1b\u11c9\xb8iV&\xbb\x0ep\u018ch\xb6\xd7\u07d5\xa4\u0630\x90\"\xd9tS\x14\x1b!\xc9z\xc8`B\x84i\x1aZX\xd4}3W\xd6V\xb6mKc\xef\xe0\xf8\xdc\xe1\xbf[\xc7!\u0354\xf3{\x8b\xdd\xce\xfd\x0e\\\xd0\xf2N\xad\x90r\x9ewo\x85\xe4\x1c\xb1\xe7\x927\xe7\xdc\xde\xe0\xf6\x10\xb7\u05e6\x9e\xac\xfd=\xf9\xe3\xbc\x02\x00\x00\xff\xff\xfc\x87\x8b\xd9@\x06\x00\x00"))

// Triangle is the Lucide "triangle" icon.
var Triangle = newIcon("triangle", []byte("\x1f\x8b\b\x00\x00\x00\x00\x00\x00\xff\xcc\xd1?J\x03A\x14\xc7\xf1\x17L\x13\x14\"9C\x14\xb5\x10O\xa0)\xfc\xb3\u0608\xb7\x10\xcdz\x88=\x80E\nmS\xa5\xb2\x92\x90+h\x19D\xf4\x0e\xab\xb1R\bJ\xf8\u02ae\x99ugw\xdel%\xe4W-\xeco\xe6\xcd|F\x16%\xaba\xbf\x1f6+k\x9d\x18 \u07ab\xa8\xb5?I\xf3\xd1\xf6\xf7F\xc0\xfd\x03p\xe7\xad\x05\xc0\xb5\xc8\r\xb0\xef\xa9\u055f\xe1\xb5)\xd2z\x87\xc7%\xbd\xd7\x05\u0393\x8fK\xe0L\xad\xb5&\xf0\x94nS\x7f\x81X\xc5\xe9\x01\a\xbf\x9f\xc7\xc0\x95R\xdb\xf8\xce]s\x04_\xeb\xee^\xf2k\u0379\xc8J`\x8f\xea)6\xc6$\xbb\x94b\x93\x99\x98\xb8m\xfeL\xb2\x01N\x9b\x9c\x89\x89\xcb\xc6y=\x87\x8de\xa2/\x0e\xdc\xfcE\x9b\xa2\x89I\u0466dbb\u06d4M\xb2A\x96\x8d\xc3\xc4$o\xa3?\xb9m\xe34\x91\xd2&\x8aI\xfeP\x89Mm\xec61Il\xc65\x91\x1d\xe0B\xaf\x89\x84\xc0\xb6\xc8)\xb0\xec\xeb\xad\x00'\"\x1d\xe0\xd0\xd7;\x02vE\x1a\x13\x98\x0eo\xd5\f\xa7\xf0\u0598\xbfME\xba\xe9\xc6\xd1\xcc\u07daE\xf3\x13lE\x03}\xee \xda\xf4\x9d\xfe\xbf\xf3\x13\x00\x00\xff\xff\xb2!\xa6\x86@\x06\x00\x00"))

// TriangleAlert is the Lucide "triangle-alert" icon.
var TriangleAlert = newIcon("triangle-alert", []byte("\x1f\x8b\b\x00\x00\x00\x00\x00\x00\xff\xcc\xd3=H[Q\x18\xc6\xf17mI)\x84\x86\xb6P\xbau(\x94fh\x9b\xa5\xb4\tm\xe9P\b\xed\xd2R\xba\xb8\xfa\x85\x82:(\x88s@\x11\x84\b\x82\x8b8\tj\b\x99T\xdc\f\xea.\x88K\x16u\x11\x11$dP1b\x88\x7f9\xb9_'\xc9=7\x93\xe03\xbd/<\xe4\x9c\xfc8W\xeeK^\x8cd\xb3\xc3\xcf\xda\xd6Re\x80\u048f6\xb5X\x85z.\xde\x04\xf7\n\xc0\xc6\x16\xb0\x12X\xfb\vL\x89\xcc\x02?\x03j\xe1}8\x89\x88</\xc3\xdeCso\x14\xe8T\xc3\x10\xd0g\xac\xbd<\x83\x9d\x90\x9a\x1e\x15\xe14j\xea\xcd\x01\u07ec\xf17\x901\xd4>\xd6 \xe7,\xebp\xfd\u05bfW\x80\xcak\x91h&\x13\x15yW5\xd9\xfc\x03&Dd\xda:q\xc6`\x13>\xb0L$\x0fy1\u06f8&v\xcf`\xf3\xca5qz\xfe6\xf3\xae\x89\xd3\xf3\xb5\x89{&n\xcf\xcff\xd32i\xec\xb5\xda8&*9O\xbb\xd9\xe6\xf1\xa1m\xa2\xd2\x03\xdd\xf6\xd8l3\xe6\x98\u0513L\xb8c\xa3\x8dg\u049cF\x1b\u03e4%\xbaM\\\x7f'\"\x92Hj\x8bf\xb3\ud668\xf4B\xbf\xb7y6\xff5\x13\x95\x05X\xd4V\xc7\xe6AQ3Q\xf9tt\xfcY[\x95\xcdnH\xe4\v\xd0\xe5\xff'\xac\f\x02\x1fD:\xa0\x1a\xf0\t\x8aD\x80?\"\xbf\x80\xafA\xbd\x14\xf0]\xe4\xe99\\\xae\xe6\x8dY\xbb\x82\xd2\x13\xfb!\xb7\u0240\xfa\xdd\xd0\xe4Mp\xab\x96\xb6o\xf0~|\xd9|\xeeR:\x16t\xfb\xbb\xcem\x00\x00\x00\xff\xff\xe6OwY@\x06\x00\x00"))

// TriangleDashed is the Lucide "triangle-dashed" icon.
var TriangleDashed = newIcon("triangle-dashed", []byte("\x1f\x8b\b\x00\x00\x00\x00\x00\x00\xff\u0314\u034bRQ\x18\x87\u07d0>\xbc(\xd2\x17\x05-\xaaE\xf4E\x14D\v[\x94h\x8b\xa86E\x1f\x14\x14\n\x86\x14\x86n\xfa\a\x94\x16m\\I\x11Q\vu%B\xd0\"\n,h!A\xc3,f9\x9b\xd9\f\xccB7\x8e\xc8\b\x8e\xce3x\xef\u031c+\x9e{\xaf\x8b\x19\x98\xdf\xc6\xf7y\xcf\xc3\xf1\xbd\xf7\x1e\x8e\uc584\u04a5R&\xe4\xa9E\x9b\x00\xad\x88\x87v\xb6\x8b\x99\xce\x19w\xef\v\xd0h\x00_\u077dOP\x14\xf9\xe0\xe9\x1d*\xbc3D\x8c\xf7\u0163\x1e\x03ng\x12\xf5\xb8\x82T\xfd\x99\x83vu\xc8\xda\xf1M8\r\xab\xe7\xf5^\x03V\xb6>\u0131>\xfc\xd0jO\x81\x9c\xc2\x02pW\xe7\xfd\x83ECa\xa8\t\xbft^\x19\x1e\xdb9\x01\x1fu\x9e\x91\xbc=\u07b8\x978\xa0\x7f\x90i\x12\x98\xae]\xe6\xb7o\xd2\xda\xf7\x97\xcfc\x8d\x87\xc0\x95I/\f\u0731\xf1\xfe\x05X\xf2Oz\xc1\x16\xcc\xefU\xfc\x16\x88\xeb\xc6{\rd\x14\xfe\x81\x99=:\xcf7\a?\x15>\x1f,_\xd3i\"\xe1N\xff\x89\r\x8f\x18zM$p\xd8i\xc5)\a_\x9cs\x17N=\n\x8e~f\xe9\x9et\xd3Nt\xf8/\"\x97\x81\x98\x9b\x17\x01.\x89<\x004\xafX\xc5\x00\xee[\xba\xeb~1 \"\xe2oC\xef\xfb\x9bQ\xe7e\xb5V\xab&\u01eb\u0537\x1e\xb4G\a1k^<\xb7D\xae[WP\xd8^\xdd4\x8b\xac\xb9q~\bD\xad\xd3a\xad\xaa\xea\x060\xc8oLp1WI;\xfd\xef\xabJ\xfe\x82\xdb\xf4;\x9d\xf5\x00\x00\x00\xff\xff\x92\xbe\xa8b@\x06\x00\x00"))

// TriangleRight is the Lucide "triangle-right" icon.
var TriangleRight = newIcon("triangle-right", []byte("\x1f\x8b\b\x00\x00\x00\x00\x00\x00\xff\xd4\u04bfKzQ\x18\xc7\xf1\u01ef\xdf\"\xc3~H\x84\x81\xd0PKa\x05A-\rM\xb9\x04A\x91P\x10BS\xf4\a8\x1644D\xf8\a\xd4*\xd4\x14\x04-\x85-\r\xb5\x18\xb8\xd4 QA$\x04\rB\x18\x19\"\xf7\x1d'\x10\xf5\xfe8\xa7\xd5\xcfv//\x9e\xf3y8GZ?\x81\xbf\xa0\xff\xeb\xd9\xeft\xd4\xc8\xfa\xaf\x00\xb2&6\xf9\xc2o&\xf4l\xf5\v\xc8\x03\xcb:\xf5o_\x8d:\xeb\x06\xe2\x1a\xd6{\xae\u062eO\xf4n\xf4\x01\xf8T\aj\xdd\xc2\a\xf0<.\x06\xb7e\x01\x97}\xa2w\xc1\x13U-\xe5\x17\xbd\x1b\xba\x03\u0289\u06a7\x97\x8b\x15\x81\u00b4\x18\\\xb2\n\xdc\f\x88\xdeu\xa4U\xb5\xc3v\u047bH\x16\xa8l6\xfdsq3o\xc0\xfb\xac\x18\xdcF\x05\xc8\r\x8a\u07b5\x1d\xa8j\u01dd\xf6.6\x17\xbe\x06\xaaI\xc7f67\xf5\n\x14cN\xd6\xec\xd6\xca\xc0\xfd\xb0\vkt\xfe\x94\xaav\x1atc\r.\x94\x01\xac\x1d\x9f+\xab\xbb\xe8#PZrWu\xb7X\x02\x9e\u01bcX\xcd\u0369'\x99\ty\xb2\b0/\xd2UP\x8b\xae\u013d\x92\xb8\x05+,\x12(c\u0311\x9a{ad\xb9\x1e\xe5F\xf6\xf2:T\xc9o;n\xbc\x85\xf3\x13\x00\x00\xff\xff|b\x1a\\@\x06\x00\x00"))

// Trophy is the Lucide "trophy" icon.
var Trophy = newIcon("trophy", []byte("\x1f\x8b\b\x00\x00\x00\x00\x00\x00\xff\xac\u053fO\x14A\x14\a\xf0\xefy\x9b,\x05\t\x879\xd4\xc2\x18M\x8c\x9d\xfc\x05w\xb1\xc0\x18\x13\xbauH\b\r-\x14$\x1b\vi.fCCM\xa7\x9d\xa1\xa0\x01/\x16`\xe1Ia,\xceh\xe84Q\xc1\x82\u04ac\xd9\u071e \x8d\xee\xd7\xcc.\xfbknf+^s\xf3\xde|\xeen\u07fb\xb9A\x1a5hb\xb4\xe8\x0eCO(\xe1\x85CWa\xd3\xd4Gt\xb7\xec\x1e\x19\x1c\x9dT\x8c\xafm\xcf\x03S\x81\x9e\x05M`~{m\x1cx\x95\xd5\xf6\xd5g\xde\u03f6\xba\xb8\xf4/K\x8eUw\x9cm\xfd\xad\xe1[\x96\x1c\xa8\xee \xdb\xfa\n,\x92\x14B| wT\xb7C\xf6\x85\x10$\x17\x01\xf9\x92\xd4tN\xd6\xe4\a]\xbc\x93\x13\xaeW9+\x99\xf6=\x92\xad*\xd7\"\xd9\x06\xc6B\xf2\xa8e\x99\x9c\xd5\xfaA\x0el\x00O\xd3!}T\u0767t\xa7#3\xeb\xf5yv\xa2\xba\xd3\xf3\x8d\xbdz\x9cZ\x9dAr\x86\x1ae6\x19\xc5\xe5A\xa7\x9eV\ucdb3L\xf2q\xd9=!\xb9\xec\xb4\xedr\xf5=\xe9O\x15\vW|\xf2\x9d\xfa(\xc0C\x92o\n\xef\x1d\ub47c?\xea\xd0%\u067b\x9af\xd7\xe4\xe1\x1b\x99\x94\x8c\xcbG$\xfd\x8d\x9br}k\xc3'y8\xa9s\xb8q\x18\xf7\xf7yw\xf7K\xbc\xf8~]\u02c0F\xb7\xf8\xd7x\xd900\x00\x0fr\xa6k!\x0f9\xfd\xad\xad\xbd\xe4\xacU\xbb\xfcL\x9abbe\x93\xa4\ax$7W&\fl\xe6W\xf2{\x02a\xbc\xf0g\xb4\xec\xceI\xd2@\x88\xda0Y\xfd\xbe\xads\xf2;\xfb\x01#\x17p\u0260O\xf2\x85\xce\xf9\xe434\x9d\xf8\x82\x9av\x9axN\xfe4\xb4:W\xcc\xe7\xc8\xc8\xe0D1\xd7\fg\xf5\xcct\xfd\x91g\xab\xb9\xfbcf\xe4i\xee\xdeV\xb9^\xee\xecY!\xc4\xc2\xfaR\xf9\x1a_Z_\x10B\xcc\u06baf\x8c\xf1?\x00\x00\xff\xff\x89\xd4!\x80@\x06\x00\x00"))

// Truck is the Lucide "truck" icon.
var Truck = newIcon("truck", []byte("\x1f\x8b\b\x00\x00\x00\x00\x00\x00\xff\xdc\u04f1K\x02q\x14\a\xf0\xe7b\u6882K\x19D\xd9Z\x7f@`SSP\x838E:4Dm\xda*\x92c\xfd\t:\xcaQ\xcb\x0f\n\xaa9\x9a$Cm5\xd7H\x123-qH\xf1\x1b\x9e\xf7\xbb\xbb~\xda\xfd\xae\xb1\xde$\x8f\x8f\xf7\xee\xfb\x1eG\xff\xa7\xdcG\x8f=\x98\xab{\xbb5\x81\xf9\xca\x18\xaf\x93qw6\x81\x01\x9b\"\x9b\x19\x00w;\x11s%Z\xc0\x8d\xe86\x00\x04\x84^\x02\xe8\x8a.\x02\u09dec\xde!u\xc3\x178\x87b\xe9\x0e\xf48O\x96\xeeXw\xfdu+\xb7m\xec\xe7u\xc1F\x8e=\x00\x0fn\xb9\xa3,\x80S\x1b\u0399\ap(w4[\xe3Y\xac\x1d\xad~jY$\x8e\xf6\x01\xbc]\u021d\x9a\xe5cJ\xee\x9c\x00vm<\x8f\x86\xc7\xfe\xb5\x9bNU\xfb\r%h\xb8%\xa5\u046f\xa6\\\x82\xf3\x95\xd4kv\xd6t\xd7Q\x1b%\xefw\xa7hg\xafy\xb8\xd3*\xc7]\x1a\x00\xbb\x06P\x88f\x00\x94\x19c,\xaf\x92L\xb4\x00\xe0\x92\x01H\x13\xb5\xf9?\x03D5\xf3\x17\xf7L4\xc7\x7f\xb7\xc8\xf1n\u01f5\x89\xe2@\x93]\r\xe7\u01b2|.+6\x01dc\xf7\xea\xdc&\x06q\"Z\t\xfb\xc5\x1cD\x9e\x17#\x87?\xbc\xac\xef\xd2[\x1c\xed%\xc4\x1b\xa1\xd1^\x8a^\xe1\x04\xaed\xa5W\xcf-\x1a\x8d`\xae\u07ab$]\xe2\xa9\xfez}\x05\x00\x00\xff\xffI\x0e\x8a\xba@\x06\x00\x00"))

// TruckElectric is the Lucide "truck-electric" icon.
var TruckElectric = newIcon("truck-electric", []byte("\x1f\x8b\b\x00\x00\x00\x00\x00\x00\xff\u0114O\xa8\x12Q\x14\xc6\u03fcG\xa4F\x8f\x97\x10\xf4h\xf3\x82V\x19\b\x85fP X\x9br#\xcd\xc2\x16\xad\x02i\x91\xad\xa2M\x045\x8b\xfe\xed\u010a\u0582D8\x11X\xab\x10\xc2\x16\xd1\x1f(\x8c\xa2\x81 \xb0\x14Z\x94\x155F\xd2\xf8\u015d\x99;s\u73cd\xab\u07b7\xf1\u3eff\xcb9\xe7\xde\xeb\xd0Z*\u04e8\u0303\xed\xfc\x0e\u48b1\x95\x0f\x98\x87K<\ap\xcd\xf2{e\xa6C+a\x9c\n\xa0\xbd`\xda\n,Mo-\a\xb0}l\xe1\xde\xed\xeb\u06c9\xa8\x01\xae\x97\t?W\xb2W>-\x13e>:\xe09?\xb74\xb4W\x8e8\xd1\xd6g\x80\x16(\xbcZ\xbb\xfb\x84q\xfb\xdd\xe8\x180\t\x99d\xf3[\x00\r!\x90\x01\xb0\xdfm\xa7W\xc5\xca/\x00\xdcY\xf4q\xaa\xaa\xaaC\xbc\x11\u04ab\x00:\xeb\xc5\x02g\x9dq>/\xb8i\rx\xba\x81\xc29\\t\xd3\u435b\x9b\xbc\r\xf3\xba\x03\xcf1\x04\xc5\xe7H\xeb\xc0\x8fT4Ge\x00\xef\x82w\x18\xe0\xcc\x19\xefK\xcc\xc5:\xe33\xb3\xb9\xc5\a\x00\x14\xe6\x0e\x03\xbffs\x94|\x0fL\x8fo\xf1da\x9c9\v\xbe\xac\x8b\xe4\xccY\x1eK\xd1\x1c\x01\x90\xa3\xeb\x06\xb8t)\x1f\x13\xb9X\xbe\x94\x0er\xd9\x1e\x80\xafU\x97\xab~\x03\xd0\xcb\xfa\xb8\x9cn]\xfby\x87\xb3\xf4s\x8f\x97{m\xe7\x7fvx9\xbc\xe2\x9c\u0293\xcb\xf1\xc2\x04\x82~\x17\xe2W\xb8o\x91dp\x1f'\x1a\x8a\u0700(\xc1\xbd!\x91\xc6\xfd\x01Z\x1a\x89\xdch#\x1d\xe4^#\u06ad\x19-\xf9\xa8\x0e\x8c\xdb}\x00\x97\xcc/\xc7\t\xd6M\xbf=\x06\xf4\xb2\xdc2\xb4]\xack\xf6lN\xd9\x1b\x1f\xda'(u\xed\xe0\xa4\rp)f\x9f]\xe7\x0f\x90|d\xf6u\xc1\x7fU\x94R\x9a\xf5\xa2\xb0S*\u059b\xca?\xde\xfc\x7f\xd2\xdf\x00\x00\x00\xff\xff\x14CvH@\x06\x00\x00"))

// TurkishLira is the Lucide "turkish-lira" icon.
var TurkishLira = newIcon("turkish-lira", []byte("\x1f\x8b\b\x00\x00\x00\x00\x00\x00\xff\xcc\u0531J\xc3P\x14\xc6q\xa1\x14!\x83\x05EG\xb7\xfa\x02n\xceu*\x88CW\x9d\xac\xf8\x00\xa5t\xf0\x19\xe2j\x17\x9d\xec\x14\f8\xd6EJ}\x81\xae-\xd9*\x96\x14gu\xf9K\xeeI\xb4\xb7\xbd7\xb9.\xe2\x99B\xf8\x91{\u0397\xc3]\xfb\x0fU\xf1\xfd\x8a\x8b\xbb\x02\xdf\xc5\x05\x10\xa8\a\xaf\xf52\xdd/t^k\x06\xdc\x168Qp\x96\xeb\xc2T\r\x0f\xf3\xfb{\x17U\xcb\x1b\xc3\x1b\xe1\xa2Z\xaf\xbfPsQ\xdey\xb3db\x17\xa2\xd2\xfc\xd4\u0217\x06v '\x0e\x94K\x83\xb9\xb6\xb8aM\xe5\x97\xc5\xf7\xbck:\xb7yS\x93\\F3\x87aB\u0702Y\n\u0678f\x86\xf8\fk\x96)\x06\v/\x1f\xa0\xa7\xb3\xcdHB\xce\xf6O\xea\t\xba\xba;\x92\x13\x03\xdd\u0361\xad\xbb\xadH\xf5\xa5\xbb*P_\xeao]\xa5\xaa\xbb\x0e|l\xac\u033b\xe2J\x13\xe8\x1b\x99\xeeN\x80F\xb1\u06ce!2\xee\x96\xe6\u028f\xc0\xb1\x99-\xb8\xf2\x1d\x10Z\u060f\xdbI\xbe6\xb6\xde!\xa9+\x9d\xc6\xc0t\xcf\xc6\xc4U;\x93\xe4\xef\x8c\xed,qo\xb1\xec\u00fd9\xe1o'\x15\xd9&\x95\xf2\x15\xfa\xec7,\xb9eU\xf1{\xddv\xdd\xe9\xaa\xfc\xab\xfa\n\x00\x00\xff\xff\x02~A\x9d@\x06\x00\x00"))

// Turntable is the Lucide "turntable" icon.
var Turntable = newIcon("turntable", []byte("\x1f\x8b\b\x00\x00\x00\x00\x00\x00\xff\u0714\xbfk\x13a\x1c\u01bfg\xc4\xe1TT\x82D\r\xba\xa9\x9b\xa81\x01E\xcd\"\x18\xb2\x89\x01\x87$\"\x01\x1dt\xf1\x1f\b\x01\t\xe2,\xb4C\t\u0752\u0490\xa5-tli\xe9\xd2\x14ZJ)\x84\xd0B)\xb4c[JiJB\xf2)w\x97\x1f\xa5\xb9\xf7rk\xfb\xdd\u0797\x0f\xf7\xbe\xcfs\xcf\xf3\xca\xe5\x19=Sm\xa0\x9cF5\xa3\x9b\u061d\x155d\xcd\xf2-\x83\x1b\x1b\x84A^D\xee\xb7`1\x11SN\xa2\f-\x9fH\x14\xf0;]\xdf\x0fDEb\x80\xb3N v\x8e\xbb\x19\xfe\x1cy\xd4#\u07bc\xb6\xe5BS\xa6?k\xa9+\xd6\xfa\a|\xef\u7d3f\u034e\xbeY\x9f\xb9S\x84b?7|\u0188u\xaf\xb1S\x82R\x1f\xf7\x058\xfe\xf3\xd8\xe3\x8do\x00\xe3*\u03b3\x05{/\xcc\x0f_\x9f\x03^)\xb8\b\x10o\xeb\xb9w\x00#\n\xee\x1f\xecj\"\xcfs)\xeb\xaaU\x05W\x80i\x11\u0646\xb7\"_\xe1\u0119\u06c1p\x97\x9b\x84\x82\xe2\xdc`\xfeW\xef\xdc\x05\x18r\xa1C;\x84\xdfv\xbe\ucff4|\x99\a\x02\"!\u0f6d\u03f5\xec\u04ebw\x93\x9bm\x9f\xff\xc3\u0475\xc1\xff\xedA\rr6y\u0472\xdd\x1c\xcc\x189\xf8\t\xcdg\xb6\xb9\nN\xd4\rj\xf5\x9b\x99\xab@\x83QUNo\xbc\xfb\xf4\xe1ag\xf1\xe4\xa3G\xc59\xe4\xdem\x8f\x8c^\x96\x93\xea^&\x97\xac^\xba\xed\xb9\xdcv\xf9n\x88\x9e\xae\xd4\xd5P\xbd\x92\u059du^\xa89\r\x00\x00\xff\xff\x1c\x82)\xaa@\x06\x00\x00"))

// Turtle is the Lucide "turtle" icon.
var Turtle = newIcon("turtle", []byte("\x1f\x8b\b\x00\x00\x00\x00\x00\x00\xff\xec\x93?hSQ\x18\u014f\xc1(\x89\x7f@P\x89\xe8,\x91@\xe6\xe0\xe0d\xc09|\x04\x89\x19D\xc4Q\x02\xea\xe0\x12\xa2\x83\b\xc1\xc1\xdd) \b\xb9\b\xa5\xa5\xe9T\n\xa5\x85B\xd3BSHC\x86\x86\xd2\fm!\x90\x16Z\xd2\xfc9\xe5\xbe\xf7\x9a\x974\xe9K\x87\xd2)g\xba\xe7\x9c\u07c5\ufecf\x87\xb1.M\x0f#\xdf\xffd3\xbf\xde\x05\x9c Wt\xaeMK\xa5\xe4\xbd\xf3\xb0\x17\xeb\xecU\xfd\x8bk\x18\xe5\x9e6\xeb\u0359\xec\xd4J\xd38V\x82\x83\u060d5\u0754\x13\x8f\rwKr\xda6\xfc\x03\xdc_\x9dw\xd27O}\xa4\xa6\x83\xadGg\xb0O\xd6P\u0150\xb9\xb6\xb2\xfcb\xff\x8cO\x8f\xc8j\xba\u0477\a'r\u05a1YNyM\xee?\xd9z\x8e\xc0R\x0f\xb5\xf7\x1a\xb7w\xbbn\xd5x%\x7f\x87\xfc\r\xe0\u0381\xcd\t\x80\x0f\xb6\xcdh\xee\ay\xf8\x00\xc0g\x92_EDj\xe4\xbc.\x16\u022aH|\x99l\xfb\x00\x14\xc9\x7f\x00\xbc;Vm\\x\t J\xf2\x19\xf0\x84\xe4+\xe0.\xc97=\xad}\xc3\xd3$\xdfv\xb9\x10\u024f\"\xb1:\xb9!\xa62$\xbf\x89H\x85\x9c\x94x\x9el\xf9\x80\xf7\x1c-\xbd\xc7\xcf\xd1X^\xbfKl\x04t\\Jz\xf4\xd4B\x12\x80\"U\xf7\v]E\x96\"\xa9\x94\xda&\vn\xa7\xacn\x8f\x1cv\u022e\xed_,C\x82\xac)\xa5\n\xe4\xecu\xa7\f\xc1\xc8}\xfd'\x85\xc3v44\x1bk\x98N\x02\x00\x00\xff\xff\xac\x8b\xe3\x11@\x06\x00\x00"))

// Tv is the Lucide "tv" icon.
var Tv = newIcon("tv", []byte("\x1f\x8b\b\x00\x00\x00\x00\x00\x00\xff\xec\xd3?J\x03A\x14\xc7\xf1\xdfTK\u0488\x95H 7X,\x93bO\x10\xc2\xdaL\x99\x9b\x04\xdc\xc2\xc2\\D\xbcD.\xa0\x856\xb1\xc91\x12d\x8b@\xbe\x92uega\xfe`)\xec\xaf{\u00c7\xc7{\x0fF\x7f\xceh9\xed?L\x97#\x9f\xdbr(\u073a8\xb0\xf5\xb9\x1a\x8e\x0e,\x8e\xf0\xe5s\x15.\xbc0\x1e\xbc\x03>9\xb0a\x8f\x81M:\x18e\x1dL\xb0_\x98d-\f\xb0q\xb5?\x11\xcci_\x8d\x1bv\xfd\x11F?y\xbf\xba\xb8\x97\x14\x83gI\xb7gx]Y'\xeb\xb5[\xad\xde\xe0|#-\x80Il\xb5\t\xb0\x90,\x10=\x81\x00;\xb8\xc1\xfd\x0fw\x0fd1\x96\x01\xa5t\al\"0\xdb\x00\xb9d>\xd3\xffrg$\xcd\xeb\x14\xabgM\xe7\xf9.\xd1m\u058e`\xf2\xd2\x06S\xe6&~\x8e~\xbe\x03\x00\x00\xff\xff\xc2\r\x9b\x9c@\x06\x00\x00"))

// TvMinimal is the Lucide "tv-minimal" icon.
var TvMinimal = newIcon("tv-minimal", []byte("\x1f\x8b\b\x00\x00\x00\x00\x00\x00\xff\xec\xd4?\x8e\x82P\x10\x80\xf1\xa1\u06e5\xd9\xed\x8c\xe1\bZIm,\xe8(\x95\x963\x18\x0f@\t\x17!\x86\u018e[h\xa2-=\a\u040e\x84D>\x03\xb1R\xde#\xc6\x7f\r_\xfd\v3C\x02\xf2\xc5\xc6Q\xb2Q\x96D\xa3+\v+\xb4\x9d\u00c6\xad\xf4\xaan)\"\xbf'(R\xf5\u0734\x80\xe3\x8f\xc8\fpt\xdb;\xc0Td\x01\x18:g\x00s\x11\x0f\u043f\x0e\xc0\xeb]\xef\xde\xe3\\\xc0\xd21\vpE\x86\x15l}O\x99\xbf\x83j \"I\xf7\xf7\xb6\xae\x9f\xfb\x7f\xe8b\xfb\xbff\x013\xc8J5*\xb3\xc0\xd4\xdf\xf9\xa1\xec\xf8\xf6\x97\x11\xdbm.\xbf\xbf!\x7f\u01b5\u031d\xbc\xfa\xb6\u01fb\x04\x00\x00\xff\xff\xc9\xf3\xd70@\x06\x00\x00"))

// TvMinimalPlay is the Lucide "tv-minimal-play" icon.
var TvMinimalPlay = newIcon("tv-minimal-play", []byte("\x1f\x8b\b\x00\x00\x00\x00\x00\x00\xff\xc4\u052fO\x02a\x1c\xc7\xf1/Z\x94\xb9\xf9c:\xe7p&\x1b&\x99\u0261\x01-\x04\x83^1P\r\x16\xa7\x9d\xc2\x06\x7f\x80\xd1\xca\xdcmN\x8aT\x83Y7\t\u030dd\xb9\x8c\x10\x9c \x93{\xbb\xe7 \x01\xf7|u:\xfd\xe4\xd7\xeey>\xdf\xef\xdd\xc9?f\xad\xe0^\x87\xc6-\xc4\xfb,\xefcM7\x1f\xb0S\xbb29\x11\x91\xc9&\xb4\xca\xe1\xe7\x96[\u0418\x10\xd9\x06R\xb6\u06e7\x80\xa4\xc8\x01\x10\xb1\xb9\b\xb0/\xe2\x00\xf6q\x00\u03a0\x9b/\xb5\x9f\x8f\xc6tW2\xf5*I\u0575{\x83\xb8ZQ\x1c\xf0j\xe0[.\xaa\xb9\u00f3\xa6\x91\u0796\xe2\x1cY\xb8\xe8\x02\xf5)\u0349l\xbc\x00\x9b\xaa\xdb}2\xeb_V\xdc\xeaM\xd09\xa7\xdc\xef\xee\u0768\ua3b5o\xffU\xac\x1f\x8f\xdb\xe7W5\xea\xe3|N\xdbG\xb2\x01\xb7q\x11\xcd\xc9\xec^B\xe4\vnDz.\r\xc4l,\x06\xa4E\x96|\xb8\xcf8\xa1\xc9<\x80\xbf(\"\xae\xfe\xbd]\x9a\xe7\xceT4\xf68\x1d\\ \x9a\xadu\xc2Q\xa7\x96\x8d\xda{\xfeQ\x12\xc5\xc1_Fqh5&\xdep\a\xef'n\u0139\xeb\xbf\xdd\xed\xfb\xf9\f\x00\x00\xff\xffvD}n@\x06\x00\x00"))

// Type is the Lucide "type" icon.
var Type = newIcon("type", []byte("\x1f\x8b\b\x00\x00\x00\x00\x00\x00\xff\xec\u04f1\r\x82@\x14\x87\xf1k\t3\xc0\x14\x9a\xe8\x104\x84\xc40\x80N\xe2u,\xa1\x9d9&\xd0\x05\u0603\tt\x00>\xab\xbb\x87\u027b3V\x86\x84\xaf{\xb9_\xf1o\xce,\xa1\xd6\xd9\\\x7f\u026dk\x85\x91\xec\xe0\x9dK\xbb\x9bw6\xed\xcea\x04\xd05\xbe\x01\x86pt\x80L\a\x9ap\xf4\u0407\xa3\x01\xcc\xcfn\x82Zw5L\xe2\x1e<\v\xdd\x15/\xee\u2caa4\xba3e\x95\x19\xbdO\x17ou\xab\xfb\x97\xdb\u02ff\xdc%\xd8i\xfe\xbd\x8fqw\x9d\xbbK\xdcmGa\xe3\xe6\xdb\xc8E\xf6\x0e\x00\x00\xff\xffL\xca[\xe9@\x06\x00\x00"))

// TypeOutline is the Lucide "type-outline" icon.
var TypeOutline = newIcon("type-outline", []byte("\x1f\x8b\b\x00\x00\x00\x00\x00\x00\xff\u07141\x8b\x13Q\x14\x85\u03e2\xb0\xb3\u06ecv\v\xdb,b\xe5\x1a\xac\x16m\x12\x8b\xa4Ic0>\xd2\xe9\x0fH\xc0`-\x82\x88\t\u06a7\xd1.\x12\x88\x82]\xf2\v\xb4P\x02J\x10\x1b\xb1\ti\x02\"\xc4b$\x12\x93|\x92I2\x13'oF+\x85=\xd5\x1c\xee7\xdc\xf7\u03bb\\\xfdG]\xac6_F\xaaY=Zb\x95\x19\xb1\x9aV<\xecN<5WY\xd2\xce7\x18\xb5\xa2\xfb\xb6F0t\xa4\xab@:\xee\xf4i )\xdd\x00\xb6\xe2\xb8- /\x19 >\x0e\xc0\xf8\xdc\xe9\x9a\xeb\x1d\xb9_\x98\x97\n}\u03f8\xb5Sa\xae\xbc\xba\xdb\xf8P:\xfc\xb9r\xb7\xc3\xdc\v?\x84\xebR\xde7\xcf}.\a8R\x1b^\x19c\x82\x7f\x8d1\xaf\xa1-9\xc05\xe9\x12\xf0h7\xf3\x03\x1e\x86{Ta\x94\xd9}\f$$}\\\xb6\x98\\\bsG\xd3e\xe9\xc3\xfcnW\xbe/\xcc\xfd\x8d\f\xf4`Qq/{\xf9\x1cw\x81ai3+\xa94\x04\xba\u01eb$\x13\xb9\u0536%SI\u06e9\\\xe2\x8f\xd9\xff\xed\x1b\x9dxn?\x1bp\xd9\xfd(\xealc\xb6>W\xb3\xc6\x19+\xb6\xf3>\x98\u04f1\xf7\xf9\u03b1q\xf7\xbcZo1\xf7=\xcf\u0735q\x9f\xa1s\x10\u0603\x0e|\xb2q\x13\xb8\xb9\xeeo\xc1\xd8\xc6}\x85'\xeb\xfe)|\xb1q\r\xe0M\xb0/\xde\x02\xcfl\xdcy7\xbc~\xdcs6N\xa9\xc1\xef\xd8 i\u0164\xbdb=\xe8[/\xeeE`\xffT\xbf\x02\x00\x00\xff\xff_hY\x1c@\x06\x00\x00"))
